-- MySQL dump 10.13  Distrib 9.2.0, for macos14.7 (x86_64)
--
-- Host: localhost    Database: laravel
-- ------------------------------------------------------
-- Server version	9.2.0

/*!40101 SET @OLD_CHARACTER_SET_CLIENT=@@CHARACTER_SET_CLIENT */;
/*!40101 SET @OLD_CHARACTER_SET_RESULTS=@@CHARACTER_SET_RESULTS */;
/*!40101 SET @OLD_COLLATION_CONNECTION=@@COLLATION_CONNECTION */;
/*!50503 SET NAMES utf8mb4 */;
/*!40103 SET @OLD_TIME_ZONE=@@TIME_ZONE */;
/*!40103 SET TIME_ZONE='+00:00' */;
/*!40014 SET @OLD_UNIQUE_CHECKS=@@UNIQUE_CHECKS, UNIQUE_CHECKS=0 */;
/*!40014 SET @OLD_FOREIGN_KEY_CHECKS=@@FOREIGN_KEY_CHECKS, FOREIGN_KEY_CHECKS=0 */;
/*!40101 SET @OLD_SQL_MODE=@@SQL_MODE, SQL_MODE='NO_AUTO_VALUE_ON_ZERO' */;
/*!40111 SET @OLD_SQL_NOTES=@@SQL_NOTES, SQL_NOTES=0 */;

--
-- Table structure for table `academic_years`
--

DROP TABLE IF EXISTS `academic_years`;
/*!40101 SET @saved_cs_client     = @@character_set_client */;
/*!50503 SET character_set_client = utf8mb4 */;
CREATE TABLE `academic_years` (
  `id` bigint unsigned NOT NULL AUTO_INCREMENT,
  `year_start` varchar(255) COLLATE utf8mb4_unicode_ci NOT NULL,
  `year_end` varchar(255) COLLATE utf8mb4_unicode_ci NOT NULL,
  `status` enum('active','inactive','completed') COLLATE utf8mb4_unicode_ci NOT NULL DEFAULT 'inactive',
  `is_current` tinyint(1) NOT NULL DEFAULT '0',
  `description` varchar(255) COLLATE utf8mb4_unicode_ci DEFAULT NULL,
  `created_at` timestamp NULL DEFAULT NULL,
  `updated_at` timestamp NULL DEFAULT NULL,
  PRIMARY KEY (`id`)
) ENGINE=InnoDB AUTO_INCREMENT=5 DEFAULT CHARSET=utf8mb4 COLLATE=utf8mb4_unicode_ci;
/*!40101 SET character_set_client = @saved_cs_client */;

--
-- Dumping data for table `academic_years`
--

LOCK TABLES `academic_years` WRITE;
/*!40000 ALTER TABLE `academic_years` DISABLE KEYS */;
INSERT INTO `academic_years` VALUES (1,'2025','2026','active',1,'Tahun Ajaran 2025/2026','2025-08-11 09:53:52','2025-08-11 12:12:17');
/*!40000 ALTER TABLE `academic_years` ENABLE KEYS */;
UNLOCK TABLES;

--
-- Table structure for table `app_settings`
--

DROP TABLE IF EXISTS `app_settings`;
/*!40101 SET @saved_cs_client     = @@character_set_client */;
/*!50503 SET character_set_client = utf8mb4 */;
CREATE TABLE `app_settings` (
  `id` bigint unsigned NOT NULL AUTO_INCREMENT,
  `app_name` varchar(255) COLLATE utf8mb4_unicode_ci NOT NULL DEFAULT 'SISPEMA YASMU',
  `app_city` varchar(255) COLLATE utf8mb4_unicode_ci NOT NULL DEFAULT 'Kota',
  `app_description` text COLLATE utf8mb4_unicode_ci,
  `primary_color` varchar(255) COLLATE utf8mb4_unicode_ci NOT NULL DEFAULT '#2563eb',
  `secondary_color` varchar(255) COLLATE utf8mb4_unicode_ci NOT NULL DEFAULT '#1e40af',
  `created_at` timestamp NULL DEFAULT NULL,
  `updated_at` timestamp NULL DEFAULT NULL,
  PRIMARY KEY (`id`)
) ENGINE=InnoDB AUTO_INCREMENT=3 DEFAULT CHARSET=utf8mb4 COLLATE=utf8mb4_unicode_ci;
/*!40101 SET character_set_client = @saved_cs_client */;

--
-- Dumping data for table `app_settings`
--

LOCK TABLES `app_settings` WRITE;
/*!40000 ALTER TABLE `app_settings` DISABLE KEYS */;
INSERT INTO `app_settings` VALUES (1,'SISPEMA YASMU','Manyar','Sistem Pembayaran Akademik Yayasan Mu\'allimin Mu\'allimat YASMU','#1a5137','#1e40af','2025-08-30 05:08:14','2025-08-30 05:18:54'),(2,'SISPEMA YASMU','Manyar','Sistem Pembayaran Akademik Yayasan Mu\'allimin Mu\'allimat YASMU','#2563eb','#1e40af','2025-08-30 05:25:38','2025-08-30 05:25:38');
/*!40000 ALTER TABLE `app_settings` ENABLE KEYS */;
UNLOCK TABLES;

--
-- Table structure for table `audit_logs`
--

DROP TABLE IF EXISTS `audit_logs`;
/*!40101 SET @saved_cs_client     = @@character_set_client */;
/*!50503 SET character_set_client = utf8mb4 */;
CREATE TABLE `audit_logs` (
  `id` bigint unsigned NOT NULL AUTO_INCREMENT,
  `user_id` bigint unsigned NOT NULL,
  `action` varchar(255) COLLATE utf8mb4_unicode_ci NOT NULL,
  `table_name` varchar(255) COLLATE utf8mb4_unicode_ci NOT NULL,
  `record_id` bigint unsigned NOT NULL,
  `old_value` json DEFAULT NULL,
  `new_value` json DEFAULT NULL,
  `ip_address` varchar(255) COLLATE utf8mb4_unicode_ci DEFAULT NULL,
  `user_agent` varchar(255) COLLATE utf8mb4_unicode_ci DEFAULT NULL,
  `created_at` timestamp NULL DEFAULT NULL,
  `updated_at` timestamp NULL DEFAULT NULL,
  PRIMARY KEY (`id`),
  KEY `audit_logs_user_id_foreign` (`user_id`),
  CONSTRAINT `audit_logs_user_id_foreign` FOREIGN KEY (`user_id`) REFERENCES `users` (`id`) ON DELETE CASCADE
) ENGINE=InnoDB DEFAULT CHARSET=utf8mb4 COLLATE=utf8mb4_unicode_ci;
/*!40101 SET character_set_client = @saved_cs_client */;

--
-- Dumping data for table `audit_logs`
--

LOCK TABLES `audit_logs` WRITE;
/*!40000 ALTER TABLE `audit_logs` DISABLE KEYS */;
/*!40000 ALTER TABLE `audit_logs` ENABLE KEYS */;
UNLOCK TABLES;

--
-- Table structure for table `billing_records`
--

DROP TABLE IF EXISTS `billing_records`;
/*!40101 SET @saved_cs_client     = @@character_set_client */;
/*!50503 SET character_set_client = utf8mb4 */;
CREATE TABLE `billing_records` (
  `id` bigint unsigned NOT NULL AUTO_INCREMENT,
  `student_id` bigint unsigned NOT NULL,
  `fee_structure_id` bigint unsigned NOT NULL,
  `origin_year` varchar(255) COLLATE utf8mb4_unicode_ci NOT NULL,
  `origin_class` varchar(255) COLLATE utf8mb4_unicode_ci NOT NULL,
  `amount` decimal(12,2) NOT NULL,
  `remaining_balance` decimal(12,2) NOT NULL,
  `status` enum('active','partially_paid','fully_paid','overdue') COLLATE utf8mb4_unicode_ci NOT NULL DEFAULT 'active',
  `due_date` date NOT NULL,
  `billing_month` varchar(255) COLLATE utf8mb4_unicode_ci NOT NULL,
  `notes` text COLLATE utf8mb4_unicode_ci,
  `created_at` timestamp NULL DEFAULT NULL,
  `updated_at` timestamp NULL DEFAULT NULL,
  PRIMARY KEY (`id`),
  KEY `billing_records_student_id_foreign` (`student_id`),
  KEY `billing_records_fee_structure_id_foreign` (`fee_structure_id`),
  CONSTRAINT `billing_records_fee_structure_id_foreign` FOREIGN KEY (`fee_structure_id`) REFERENCES `fee_structures` (`id`) ON DELETE CASCADE,
  CONSTRAINT `billing_records_student_id_foreign` FOREIGN KEY (`student_id`) REFERENCES `students` (`id`) ON DELETE CASCADE
) ENGINE=InnoDB AUTO_INCREMENT=235 DEFAULT CHARSET=utf8mb4 COLLATE=utf8mb4_unicode_ci;
/*!40101 SET character_set_client = @saved_cs_client */;

--
-- Dumping data for table `billing_records`
--

LOCK TABLES `billing_records` WRITE;
/*!40000 ALTER TABLE `billing_records` DISABLE KEYS */;
INSERT INTO `billing_records` VALUES (28,6,18,'2025-2026','VII A',229167.00,229167.00,'active','2025-08-31','Agustus 2025',NULL,'2025-08-28 08:13:19','2025-08-28 08:13:19'),(29,8,18,'2025-2026','VII A',229167.00,229167.00,'active','2025-08-31','Agustus 2025',NULL,'2025-08-28 08:17:53','2025-08-28 08:17:53'),(30,4,18,'2025-2026','VII A',229167.00,229167.00,'active','2025-08-31','Agustus 2025',NULL,'2025-08-28 08:22:00','2025-08-28 08:22:00'),(31,4,18,'2025-2026','VII A',2750000.00,2450000.00,'active','2026-12-31','Tahunan 2025-2026','ANNUAL','2025-08-28 08:27:25','2025-08-28 09:03:31'),(32,7,18,'2025-2026','VII A',229167.00,229167.00,'active','2025-08-31','Juli',NULL,'2025-08-28 08:33:58','2025-08-28 08:33:58'),(33,7,18,'2025-2026','VII A',229167.00,229167.00,'active','2025-08-31','Agustus',NULL,'2025-08-28 08:33:58','2025-08-28 08:33:58'),(34,7,18,'2025-2026','VII A',229167.00,229167.00,'active','2025-08-31','September',NULL,'2025-08-28 08:33:58','2025-08-28 08:33:58'),(35,7,18,'2025-2026','VII A',229167.00,229167.00,'active','2025-08-31','Oktober',NULL,'2025-08-28 08:33:58','2025-08-28 08:33:58'),(36,7,18,'2025-2026','VII A',229167.00,229167.00,'active','2025-08-31','November',NULL,'2025-08-28 08:33:58','2025-08-28 08:33:58'),(37,7,18,'2025-2026','VII A',229167.00,229167.00,'active','2025-08-31','Desember',NULL,'2025-08-28 08:33:58','2025-08-28 08:33:58'),(38,7,18,'2025-2026','VII A',229167.00,229167.00,'active','2025-08-31','Januari',NULL,'2025-08-28 08:33:58','2025-08-28 08:33:58'),(39,7,18,'2025-2026','VII A',229167.00,229167.00,'active','2025-08-31','Februari',NULL,'2025-08-28 08:33:58','2025-08-28 08:33:58'),(40,7,18,'2025-2026','VII A',229167.00,229167.00,'active','2025-08-31','Maret',NULL,'2025-08-28 08:33:58','2025-08-28 08:33:58'),(41,7,18,'2025-2026','VII A',229167.00,229167.00,'active','2025-08-31','April',NULL,'2025-08-28 08:33:58','2025-08-28 08:33:58'),(42,7,18,'2025-2026','VII A',229167.00,229167.00,'active','2025-08-31','Mei',NULL,'2025-08-28 08:33:58','2025-08-28 08:33:58'),(43,7,18,'2025-2026','VII A',229167.00,229167.00,'active','2025-08-31','Juni',NULL,'2025-08-28 08:33:58','2025-08-28 08:33:58'),(44,4,18,'2025-2026','VII A',229167.00,229167.00,'active','2025-08-31','Juli',NULL,'2025-08-28 08:34:51','2025-08-28 08:34:51'),(45,4,18,'2025-2026','VII A',229167.00,229167.00,'active','2025-08-31','Agustus',NULL,'2025-08-28 08:34:51','2025-08-28 08:34:51'),(46,4,18,'2025-2026','VII A',229167.00,229167.00,'active','2025-08-31','September',NULL,'2025-08-28 08:34:51','2025-08-28 08:34:51'),(47,4,18,'2025-2026','VII A',229167.00,229167.00,'active','2025-08-31','Oktober',NULL,'2025-08-28 08:34:51','2025-08-28 08:34:51'),(48,4,18,'2025-2026','VII A',229167.00,229167.00,'active','2025-08-31','November',NULL,'2025-08-28 08:34:51','2025-08-28 08:34:51'),(49,4,18,'2025-2026','VII A',229167.00,229167.00,'active','2025-08-31','Desember',NULL,'2025-08-28 08:34:51','2025-08-28 08:34:51'),(50,4,18,'2025-2026','VII A',229167.00,229167.00,'active','2025-08-31','Januari',NULL,'2025-08-28 08:34:51','2025-08-28 08:34:51'),(51,4,18,'2025-2026','VII A',229167.00,229167.00,'active','2025-08-31','Februari',NULL,'2025-08-28 08:34:51','2025-08-28 08:34:51'),(52,4,18,'2025-2026','VII A',229167.00,229167.00,'active','2025-08-31','Maret',NULL,'2025-08-28 08:34:51','2025-08-28 08:34:51'),(53,4,18,'2025-2026','VII A',229167.00,229167.00,'active','2025-08-31','April',NULL,'2025-08-28 08:34:51','2025-08-28 08:34:51'),(54,4,18,'2025-2026','VII A',229167.00,229167.00,'active','2025-08-31','Mei',NULL,'2025-08-28 08:34:51','2025-08-28 08:34:51'),(55,4,18,'2025-2026','VII A',229167.00,229167.00,'active','2025-08-31','Juni',NULL,'2025-08-28 08:34:51','2025-08-28 08:34:51'),(56,5,18,'2025-2026','VII A',229167.00,229167.00,'active','2025-08-31','Juli',NULL,'2025-08-28 08:35:04','2025-08-28 08:35:04'),(57,5,18,'2025-2026','VII A',229167.00,229167.00,'active','2025-08-31','Agustus',NULL,'2025-08-28 08:35:04','2025-08-28 08:35:04'),(58,5,18,'2025-2026','VII A',229167.00,229167.00,'active','2025-08-31','September',NULL,'2025-08-28 08:35:04','2025-08-28 08:35:04'),(59,5,18,'2025-2026','VII A',229167.00,229167.00,'active','2025-08-31','Oktober',NULL,'2025-08-28 08:35:04','2025-08-28 08:35:04'),(60,5,18,'2025-2026','VII A',229167.00,229167.00,'active','2025-08-31','November',NULL,'2025-08-28 08:35:04','2025-08-28 08:35:04'),(61,5,18,'2025-2026','VII A',229167.00,229167.00,'active','2025-08-31','Desember',NULL,'2025-08-28 08:35:04','2025-08-28 08:35:04'),(62,5,18,'2025-2026','VII A',229167.00,229167.00,'active','2025-08-31','Januari',NULL,'2025-08-28 08:35:04','2025-08-28 08:35:04'),(63,5,18,'2025-2026','VII A',229167.00,229167.00,'active','2025-08-31','Februari',NULL,'2025-08-28 08:35:04','2025-08-28 08:35:04'),(64,5,18,'2025-2026','VII A',229167.00,229167.00,'active','2025-08-31','Maret',NULL,'2025-08-28 08:35:04','2025-08-28 08:35:04'),(65,5,18,'2025-2026','VII A',229167.00,229167.00,'active','2025-08-31','April',NULL,'2025-08-28 08:35:04','2025-08-28 08:35:04'),(66,5,18,'2025-2026','VII A',229167.00,229167.00,'active','2025-08-31','Mei',NULL,'2025-08-28 08:35:04','2025-08-28 08:35:04'),(67,5,18,'2025-2026','VII A',229167.00,229167.00,'active','2025-08-31','Juni',NULL,'2025-08-28 08:35:04','2025-08-28 08:35:04'),(68,6,18,'2025-2026','VII A',229167.00,229167.00,'active','2025-08-31','Juli',NULL,'2025-08-28 08:35:12','2025-08-28 08:35:12'),(69,6,18,'2025-2026','VII A',229167.00,229167.00,'active','2025-08-31','Agustus',NULL,'2025-08-28 08:35:12','2025-08-28 08:35:12'),(70,6,18,'2025-2026','VII A',229167.00,229167.00,'active','2025-08-31','September',NULL,'2025-08-28 08:35:12','2025-08-28 08:35:12'),(71,6,18,'2025-2026','VII A',229167.00,229167.00,'active','2025-08-31','Oktober',NULL,'2025-08-28 08:35:12','2025-08-28 08:35:12'),(72,6,18,'2025-2026','VII A',229167.00,229167.00,'active','2025-08-31','November',NULL,'2025-08-28 08:35:12','2025-08-28 08:35:12'),(73,6,18,'2025-2026','VII A',229167.00,229167.00,'active','2025-08-31','Desember',NULL,'2025-08-28 08:35:12','2025-08-28 08:35:12'),(74,6,18,'2025-2026','VII A',229167.00,229167.00,'active','2025-08-31','Januari',NULL,'2025-08-28 08:35:12','2025-08-28 08:35:12'),(75,6,18,'2025-2026','VII A',229167.00,229167.00,'active','2025-08-31','Februari',NULL,'2025-08-28 08:35:12','2025-08-28 08:35:12'),(76,6,18,'2025-2026','VII A',229167.00,229167.00,'active','2025-08-31','Maret',NULL,'2025-08-28 08:35:12','2025-08-28 08:35:12'),(77,6,18,'2025-2026','VII A',229167.00,229167.00,'active','2025-08-31','April',NULL,'2025-08-28 08:35:12','2025-08-28 08:35:12'),(78,6,18,'2025-2026','VII A',229167.00,229167.00,'active','2025-08-31','Mei',NULL,'2025-08-28 08:35:12','2025-08-28 08:35:12'),(79,6,18,'2025-2026','VII A',229167.00,229167.00,'active','2025-08-31','Juni',NULL,'2025-08-28 08:35:12','2025-08-28 08:35:12'),(80,8,18,'2025-2026','VII A',229167.00,229167.00,'active','2025-08-31','Juli',NULL,'2025-08-28 08:35:51','2025-08-28 08:35:51'),(81,8,18,'2025-2026','VII A',229167.00,229167.00,'active','2025-08-31','Agustus',NULL,'2025-08-28 08:35:51','2025-08-28 08:35:51'),(82,8,18,'2025-2026','VII A',229167.00,229167.00,'active','2025-08-31','September',NULL,'2025-08-28 08:35:51','2025-08-28 08:35:51'),(83,8,18,'2025-2026','VII A',229167.00,229167.00,'active','2025-08-31','Oktober',NULL,'2025-08-28 08:35:51','2025-08-28 08:35:51'),(84,8,18,'2025-2026','VII A',229167.00,229167.00,'active','2025-08-31','November',NULL,'2025-08-28 08:35:51','2025-08-28 08:35:51'),(85,8,18,'2025-2026','VII A',229167.00,229167.00,'active','2025-08-31','Desember',NULL,'2025-08-28 08:35:51','2025-08-28 08:35:51'),(86,8,18,'2025-2026','VII A',229167.00,229167.00,'active','2025-08-31','Januari',NULL,'2025-08-28 08:35:51','2025-08-28 08:35:51'),(87,8,18,'2025-2026','VII A',229167.00,229167.00,'active','2025-08-31','Februari',NULL,'2025-08-28 08:35:51','2025-08-28 08:35:51'),(88,8,18,'2025-2026','VII A',229167.00,229167.00,'active','2025-08-31','Maret',NULL,'2025-08-28 08:35:51','2025-08-28 08:35:51'),(89,8,18,'2025-2026','VII A',229167.00,229167.00,'active','2025-08-31','April',NULL,'2025-08-28 08:35:51','2025-08-28 08:35:51'),(90,8,18,'2025-2026','VII A',229167.00,229167.00,'active','2025-08-31','Mei',NULL,'2025-08-28 08:35:51','2025-08-28 08:35:51'),(91,8,18,'2025-2026','VII A',229167.00,229167.00,'active','2025-08-31','Juni',NULL,'2025-08-28 08:35:51','2025-08-28 08:35:51'),(92,5,18,'2025-2026','VII A',2750000.00,2350000.00,'active','2026-12-31','Tahunan 2025-2026','ANNUAL','2025-08-28 16:24:25','2025-08-28 16:27:30'),(93,6,18,'2025-2026','VII A',2750000.00,2150000.00,'active','2026-12-31','Tahunan 2025-2026','ANNUAL','2025-08-28 16:36:40','2025-08-28 16:40:40'),(94,7,18,'2025-2026','VII A',2750000.00,2750000.00,'active','2026-12-31','Tahunan 2025-2026','ANNUAL','2025-08-28 18:46:00','2025-08-28 18:46:00'),(95,8,18,'2025/2026','VII A',2750000.00,2750000.00,'active','2026-12-31','ANNUAL','ANNUAL','2025-08-28 18:56:21','2025-08-28 18:56:21'),(96,9,18,'2025/2026','VII A',2750000.00,2750000.00,'active','2026-12-31','ANNUAL','ANNUAL','2025-08-28 18:56:21','2025-08-28 18:56:21'),(97,10,18,'2025/2026','VII A',2750000.00,2750000.00,'active','2026-12-31','ANNUAL','ANNUAL','2025-08-28 18:56:21','2025-08-28 18:56:21'),(98,11,18,'2025/2026','VII A',2750000.00,2750000.00,'active','2026-12-31','ANNUAL','ANNUAL','2025-08-28 18:56:21','2025-08-28 18:56:21'),(99,12,18,'2025/2026','VII A',2750000.00,2750000.00,'active','2026-12-31','ANNUAL','ANNUAL','2025-08-28 18:56:21','2025-08-28 18:56:21'),(100,13,18,'2025/2026','VII A',2750000.00,2750000.00,'active','2026-12-31','ANNUAL','ANNUAL','2025-08-28 18:56:21','2025-08-28 18:56:21'),(101,14,18,'2025/2026','VII A',2750000.00,2750000.00,'active','2026-12-31','ANNUAL','ANNUAL','2025-08-28 18:56:21','2025-08-28 18:56:21'),(102,15,18,'2025/2026','VII A',2750000.00,2750000.00,'active','2026-12-31','ANNUAL','ANNUAL','2025-08-28 18:56:21','2025-08-28 18:56:21'),(103,16,18,'2025/2026','VII A',2750000.00,2750000.00,'active','2026-12-31','ANNUAL','ANNUAL','2025-08-28 18:56:21','2025-08-28 18:56:21'),(104,17,18,'2025/2026','VII A',2750000.00,2750000.00,'active','2026-12-31','ANNUAL','ANNUAL','2025-08-28 18:56:21','2025-08-28 18:56:21'),(105,18,18,'2025/2026','VII A',2750000.00,2750000.00,'active','2026-12-31','ANNUAL','ANNUAL','2025-08-28 18:56:21','2025-08-28 18:56:21'),(106,19,18,'2025/2026','VII A',2750000.00,2750000.00,'active','2026-12-31','ANNUAL','ANNUAL','2025-08-28 18:56:21','2025-08-28 18:56:21'),(107,20,18,'2025/2026','VII A',2750000.00,2750000.00,'active','2026-12-31','ANNUAL','ANNUAL','2025-08-28 18:56:21','2025-08-28 18:56:21'),(108,21,18,'2025/2026','VII A',2750000.00,2750000.00,'active','2026-12-31','ANNUAL','ANNUAL','2025-08-28 18:56:21','2025-08-28 18:56:21'),(109,22,18,'2025/2026','VII A',2750000.00,2750000.00,'active','2026-12-31','ANNUAL','ANNUAL','2025-08-28 18:56:21','2025-08-28 18:56:21'),(110,23,18,'2025/2026','VII A',2750000.00,2750000.00,'active','2026-12-31','ANNUAL','ANNUAL','2025-08-28 18:56:21','2025-08-28 18:56:21'),(111,24,18,'2025/2026','VII A',2750000.00,2750000.00,'active','2026-12-31','ANNUAL','ANNUAL','2025-08-28 18:56:21','2025-08-28 18:56:21'),(112,25,18,'2025/2026','VII A',2750000.00,2750000.00,'active','2026-12-31','ANNUAL','ANNUAL','2025-08-28 18:56:21','2025-08-28 18:56:21'),(113,26,18,'2025/2026','VII A',2750000.00,2750000.00,'active','2026-12-31','ANNUAL','ANNUAL','2025-08-28 18:56:21','2025-08-28 18:56:21'),(114,27,18,'2025/2026','VII A',2750000.00,2750000.00,'active','2026-12-31','ANNUAL','ANNUAL','2025-08-28 18:56:21','2025-08-28 18:56:21'),(115,28,18,'2025/2026','VII A',2750000.00,2750000.00,'active','2026-12-31','ANNUAL','ANNUAL','2025-08-28 18:56:21','2025-08-28 18:56:21'),(116,29,18,'2025/2026','VII A',2750000.00,2750000.00,'active','2026-12-31','ANNUAL','ANNUAL','2025-08-28 18:56:21','2025-08-28 18:56:21'),(117,30,18,'2025/2026','VII B',2750000.00,2750000.00,'active','2026-12-31','ANNUAL','ANNUAL','2025-08-28 18:56:21','2025-08-28 18:56:21'),(118,31,18,'2025/2026','VII B',2750000.00,2750000.00,'active','2026-12-31','ANNUAL','ANNUAL','2025-08-28 18:56:21','2025-08-28 18:56:21'),(119,32,18,'2025/2026','VII B',2750000.00,2750000.00,'active','2026-12-31','ANNUAL','ANNUAL','2025-08-28 18:56:21','2025-08-28 18:56:21'),(120,33,18,'2025/2026','VII B',2750000.00,2750000.00,'active','2026-12-31','ANNUAL','ANNUAL','2025-08-28 18:56:21','2025-08-28 18:56:21'),(121,34,18,'2025/2026','VII B',2750000.00,2750000.00,'active','2026-12-31','ANNUAL','ANNUAL','2025-08-28 18:56:21','2025-08-28 18:56:21'),(122,35,18,'2025/2026','VII B',2750000.00,2750000.00,'active','2026-12-31','ANNUAL','ANNUAL','2025-08-28 18:56:21','2025-08-28 18:56:21'),(123,36,18,'2025/2026','VII B',2750000.00,2750000.00,'active','2026-12-31','ANNUAL','ANNUAL','2025-08-28 18:56:21','2025-08-28 18:56:21'),(124,37,18,'2025/2026','VII B',2750000.00,2750000.00,'active','2026-12-31','ANNUAL','ANNUAL','2025-08-28 18:56:21','2025-08-28 18:56:21'),(125,38,18,'2025/2026','VII B',2750000.00,2750000.00,'active','2026-12-31','ANNUAL','ANNUAL','2025-08-28 18:56:21','2025-08-28 18:56:21'),(126,39,18,'2025/2026','VII B',2750000.00,2750000.00,'active','2026-12-31','ANNUAL','ANNUAL','2025-08-28 18:56:21','2025-08-28 18:56:21'),(127,40,18,'2025/2026','VII B',2750000.00,2750000.00,'active','2026-12-31','ANNUAL','ANNUAL','2025-08-28 18:56:21','2025-08-28 18:56:21'),(128,41,18,'2025/2026','VII B',2750000.00,2750000.00,'active','2026-12-31','ANNUAL','ANNUAL','2025-08-28 18:56:21','2025-08-28 18:56:21'),(129,42,18,'2025/2026','VII B',2750000.00,2750000.00,'active','2026-12-31','ANNUAL','ANNUAL','2025-08-28 18:56:21','2025-08-28 18:56:21'),(130,43,18,'2025/2026','VII B',2750000.00,2750000.00,'active','2026-12-31','ANNUAL','ANNUAL','2025-08-28 18:56:21','2025-08-28 18:56:21'),(131,44,18,'2025/2026','VII B',2750000.00,2750000.00,'active','2026-12-31','ANNUAL','ANNUAL','2025-08-28 18:56:21','2025-08-28 18:56:21'),(132,45,18,'2025/2026','VII B',2750000.00,2750000.00,'active','2026-12-31','ANNUAL','ANNUAL','2025-08-28 18:56:21','2025-08-28 18:56:21'),(133,46,18,'2025/2026','VII B',2750000.00,2750000.00,'active','2026-12-31','ANNUAL','ANNUAL','2025-08-28 18:56:21','2025-08-28 18:56:21'),(134,47,18,'2025/2026','VII B',2750000.00,2750000.00,'active','2026-12-31','ANNUAL','ANNUAL','2025-08-28 18:56:21','2025-08-28 18:56:21'),(135,48,18,'2025/2026','VII B',2750000.00,2750000.00,'active','2026-12-31','ANNUAL','ANNUAL','2025-08-28 18:56:21','2025-08-28 18:56:21'),(136,49,18,'2025/2026','VII B',2750000.00,2750000.00,'active','2026-12-31','ANNUAL','ANNUAL','2025-08-28 18:56:21','2025-08-28 18:56:21'),(137,50,18,'2025/2026','VII B',2750000.00,2750000.00,'active','2026-12-31','ANNUAL','ANNUAL','2025-08-28 18:56:21','2025-08-28 18:56:21'),(138,51,18,'2025/2026','VII B',2750000.00,2750000.00,'active','2026-12-31','ANNUAL','ANNUAL','2025-08-28 18:56:21','2025-08-28 18:56:21'),(139,52,18,'2025/2026','VII B',2750000.00,2750000.00,'active','2026-12-31','ANNUAL','ANNUAL','2025-08-28 18:56:21','2025-08-28 18:56:21'),(140,53,18,'2025/2026','VII B',2750000.00,2750000.00,'active','2026-12-31','ANNUAL','ANNUAL','2025-08-28 18:56:21','2025-08-28 18:56:21'),(141,54,18,'2025/2026','VII B',2750000.00,2750000.00,'active','2026-12-31','ANNUAL','ANNUAL','2025-08-28 18:56:21','2025-08-28 18:56:21'),(142,55,18,'2025/2026','VII B',2750000.00,2750000.00,'active','2026-12-31','ANNUAL','ANNUAL','2025-08-28 18:56:21','2025-08-28 18:56:21'),(143,56,18,'2025/2026','VII C',2750000.00,2750000.00,'active','2026-12-31','ANNUAL','ANNUAL','2025-08-28 18:56:21','2025-08-28 18:56:21'),(144,57,18,'2025/2026','VII C',2750000.00,2750000.00,'active','2026-12-31','ANNUAL','ANNUAL','2025-08-28 18:56:21','2025-08-28 18:56:21'),(145,58,18,'2025/2026','VII C',2750000.00,2750000.00,'active','2026-12-31','ANNUAL','ANNUAL','2025-08-28 18:56:21','2025-08-28 18:56:21'),(146,59,18,'2025/2026','VII C',2750000.00,2750000.00,'active','2026-12-31','ANNUAL','ANNUAL','2025-08-28 18:56:21','2025-08-28 18:56:21'),(147,60,18,'2025/2026','VII C',2750000.00,2750000.00,'active','2026-12-31','ANNUAL','ANNUAL','2025-08-28 18:56:21','2025-08-28 18:56:21'),(148,61,18,'2025/2026','VII C',2750000.00,2750000.00,'active','2026-12-31','ANNUAL','ANNUAL','2025-08-28 18:56:21','2025-08-28 18:56:21'),(149,62,18,'2025/2026','VII C',2750000.00,2750000.00,'active','2026-12-31','ANNUAL','ANNUAL','2025-08-28 18:56:21','2025-08-28 18:56:21'),(150,63,18,'2025/2026','VII C',2750000.00,2750000.00,'active','2026-12-31','ANNUAL','ANNUAL','2025-08-28 18:56:21','2025-08-28 18:56:21'),(151,64,18,'2025/2026','VII C',2750000.00,2750000.00,'active','2026-12-31','ANNUAL','ANNUAL','2025-08-28 18:56:21','2025-08-28 18:56:21'),(152,65,18,'2025/2026','VII C',2750000.00,2750000.00,'active','2026-12-31','ANNUAL','ANNUAL','2025-08-28 18:56:21','2025-08-28 18:56:21'),(153,66,18,'2025/2026','VII C',2750000.00,2750000.00,'active','2026-12-31','ANNUAL','ANNUAL','2025-08-28 18:56:21','2025-08-28 18:56:21'),(154,67,18,'2025/2026','VII C',2750000.00,2750000.00,'active','2026-12-31','ANNUAL','ANNUAL','2025-08-28 18:56:21','2025-08-28 18:56:21'),(155,68,18,'2025/2026','VII C',2750000.00,2750000.00,'active','2026-12-31','ANNUAL','ANNUAL','2025-08-28 18:56:21','2025-08-28 18:56:21'),(156,69,18,'2025/2026','VII C',2750000.00,2750000.00,'active','2026-12-31','ANNUAL','ANNUAL','2025-08-28 18:56:21','2025-08-28 18:56:21'),(157,70,18,'2025/2026','VII C',2750000.00,2750000.00,'active','2026-12-31','ANNUAL','ANNUAL','2025-08-28 18:56:21','2025-08-28 18:56:21'),(158,71,18,'2025/2026','VII C',2750000.00,2750000.00,'active','2026-12-31','ANNUAL','ANNUAL','2025-08-28 18:56:21','2025-08-28 18:56:21'),(159,72,18,'2025/2026','VII C',2750000.00,2750000.00,'active','2026-12-31','ANNUAL','ANNUAL','2025-08-28 18:56:21','2025-08-28 18:56:21'),(160,73,18,'2025/2026','VII C',2750000.00,2750000.00,'active','2026-12-31','ANNUAL','ANNUAL','2025-08-28 18:56:21','2025-08-28 18:56:21'),(161,74,18,'2025/2026','VII C',2750000.00,2750000.00,'active','2026-12-31','ANNUAL','ANNUAL','2025-08-28 18:56:21','2025-08-28 18:56:21'),(162,75,18,'2025/2026','VII C',2750000.00,2750000.00,'active','2026-12-31','ANNUAL','ANNUAL','2025-08-28 18:56:21','2025-08-28 18:56:21'),(163,76,18,'2025/2026','VII C',2750000.00,2750000.00,'active','2026-12-31','ANNUAL','ANNUAL','2025-08-28 18:56:21','2025-08-28 18:56:21'),(164,77,18,'2025/2026','VII C',2750000.00,2750000.00,'active','2026-12-31','ANNUAL','ANNUAL','2025-08-28 18:56:21','2025-08-28 18:56:21'),(165,78,18,'2025/2026','VIII A',2750000.00,2750000.00,'active','2026-12-31','ANNUAL','ANNUAL','2025-08-28 18:56:21','2025-08-28 18:56:21'),(166,79,18,'2025/2026','VIII A',2750000.00,2750000.00,'active','2026-12-31','ANNUAL','ANNUAL','2025-08-28 18:56:21','2025-08-28 18:56:21'),(167,80,18,'2025/2026','VIII A',2750000.00,2750000.00,'active','2026-12-31','ANNUAL','ANNUAL','2025-08-28 18:56:21','2025-08-28 18:56:21'),(168,81,18,'2025/2026','VIII A',2750000.00,2750000.00,'active','2026-12-31','ANNUAL','ANNUAL','2025-08-28 18:56:21','2025-08-28 18:56:21'),(169,82,18,'2025/2026','VIII A',2750000.00,2750000.00,'active','2026-12-31','ANNUAL','ANNUAL','2025-08-28 18:56:21','2025-08-28 18:56:21'),(170,83,18,'2025/2026','VIII A',2750000.00,2750000.00,'active','2026-12-31','ANNUAL','ANNUAL','2025-08-28 18:56:21','2025-08-28 18:56:21'),(171,84,18,'2025/2026','VIII A',2750000.00,2750000.00,'active','2026-12-31','ANNUAL','ANNUAL','2025-08-28 18:56:21','2025-08-28 18:56:21'),(172,85,18,'2025/2026','VIII A',2750000.00,2750000.00,'active','2026-12-31','ANNUAL','ANNUAL','2025-08-28 18:56:21','2025-08-28 18:56:21'),(173,86,18,'2025/2026','VIII A',2750000.00,2750000.00,'active','2026-12-31','ANNUAL','ANNUAL','2025-08-28 18:56:21','2025-08-28 18:56:21'),(174,87,18,'2025/2026','VIII A',2750000.00,2750000.00,'active','2026-12-31','ANNUAL','ANNUAL','2025-08-28 18:56:21','2025-08-28 18:56:21'),(175,88,18,'2025/2026','VIII A',2750000.00,2750000.00,'active','2026-12-31','ANNUAL','ANNUAL','2025-08-28 18:56:21','2025-08-28 18:56:21'),(176,89,18,'2025/2026','VIII A',2750000.00,2750000.00,'active','2026-12-31','ANNUAL','ANNUAL','2025-08-28 18:56:21','2025-08-28 18:56:21'),(177,90,18,'2025/2026','VIII A',2750000.00,2750000.00,'active','2026-12-31','ANNUAL','ANNUAL','2025-08-28 18:56:21','2025-08-28 18:56:21'),(178,91,18,'2025/2026','VIII A',2750000.00,2750000.00,'active','2026-12-31','ANNUAL','ANNUAL','2025-08-28 18:56:21','2025-08-28 18:56:21'),(179,92,18,'2025/2026','VIII A',2750000.00,2750000.00,'active','2026-12-31','ANNUAL','ANNUAL','2025-08-28 18:56:21','2025-08-28 18:56:21'),(180,93,18,'2025/2026','VIII A',2750000.00,2750000.00,'active','2026-12-31','ANNUAL','ANNUAL','2025-08-28 18:56:21','2025-08-28 18:56:21'),(181,94,18,'2025/2026','VIII A',2750000.00,2750000.00,'active','2026-12-31','ANNUAL','ANNUAL','2025-08-28 18:56:21','2025-08-28 18:56:21'),(182,95,18,'2025/2026','VIII A',2750000.00,2750000.00,'active','2026-12-31','ANNUAL','ANNUAL','2025-08-28 18:56:21','2025-08-28 18:56:21'),(183,96,18,'2025/2026','VIII A',2750000.00,2750000.00,'active','2026-12-31','ANNUAL','ANNUAL','2025-08-28 18:56:21','2025-08-28 18:56:21'),(184,97,18,'2025/2026','VIII A',2750000.00,2750000.00,'active','2026-12-31','ANNUAL','ANNUAL','2025-08-28 18:56:21','2025-08-28 18:56:21'),(185,98,18,'2025/2026','VIII A',2750000.00,2750000.00,'active','2026-12-31','ANNUAL','ANNUAL','2025-08-28 18:56:21','2025-08-28 18:56:21'),(186,99,18,'2025/2026','VIII A',2750000.00,2750000.00,'active','2026-12-31','ANNUAL','ANNUAL','2025-08-28 18:56:21','2025-08-28 18:56:21'),(187,100,18,'2025/2026','VIII A',2750000.00,2750000.00,'active','2026-12-31','ANNUAL','ANNUAL','2025-08-28 18:56:21','2025-08-28 18:56:21'),(188,101,18,'2025/2026','VIII A',2750000.00,2750000.00,'active','2026-12-31','ANNUAL','ANNUAL','2025-08-28 18:56:21','2025-08-28 18:56:21'),(189,102,18,'2025/2026','VIII B',2750000.00,2750000.00,'active','2026-12-31','ANNUAL','ANNUAL','2025-08-28 18:56:21','2025-08-28 18:56:21'),(190,103,18,'2025/2026','VIII B',2750000.00,2750000.00,'active','2026-12-31','ANNUAL','ANNUAL','2025-08-28 18:56:21','2025-08-28 18:56:21'),(191,104,18,'2025/2026','VIII B',2750000.00,2750000.00,'active','2026-12-31','ANNUAL','ANNUAL','2025-08-28 18:56:21','2025-08-28 18:56:21'),(192,105,18,'2025/2026','VIII B',2750000.00,2750000.00,'active','2026-12-31','ANNUAL','ANNUAL','2025-08-28 18:56:21','2025-08-28 18:56:21'),(193,106,18,'2025/2026','VIII B',2750000.00,2750000.00,'active','2026-12-31','ANNUAL','ANNUAL','2025-08-28 18:56:21','2025-08-28 18:56:21'),(194,107,18,'2025/2026','VIII B',2750000.00,2750000.00,'active','2026-12-31','ANNUAL','ANNUAL','2025-08-28 18:56:21','2025-08-28 18:56:21'),(195,108,18,'2025/2026','VIII B',2750000.00,2750000.00,'active','2026-12-31','ANNUAL','ANNUAL','2025-08-28 18:56:21','2025-08-28 18:56:21'),(196,109,18,'2025/2026','VIII B',2750000.00,2750000.00,'active','2026-12-31','ANNUAL','ANNUAL','2025-08-28 18:56:21','2025-08-28 18:56:21'),(197,110,18,'2025/2026','VIII B',2750000.00,2750000.00,'active','2026-12-31','ANNUAL','ANNUAL','2025-08-28 18:56:21','2025-08-28 18:56:21'),(198,111,18,'2025/2026','VIII B',2750000.00,2750000.00,'active','2026-12-31','ANNUAL','ANNUAL','2025-08-28 18:56:21','2025-08-28 18:56:21'),(199,112,18,'2025/2026','VIII B',2750000.00,2750000.00,'active','2026-12-31','ANNUAL','ANNUAL','2025-08-28 18:56:21','2025-08-28 18:56:21'),(200,113,18,'2025/2026','VIII B',2750000.00,2750000.00,'active','2026-12-31','ANNUAL','ANNUAL','2025-08-28 18:56:21','2025-08-28 18:56:21'),(201,114,18,'2025/2026','VIII B',2750000.00,2750000.00,'active','2026-12-31','ANNUAL','ANNUAL','2025-08-28 18:56:21','2025-08-28 18:56:21'),(202,115,18,'2025/2026','VIII B',2750000.00,2750000.00,'active','2026-12-31','ANNUAL','ANNUAL','2025-08-28 18:56:21','2025-08-28 18:56:21'),(203,116,18,'2025/2026','VIII B',2750000.00,2750000.00,'active','2026-12-31','ANNUAL','ANNUAL','2025-08-28 18:56:21','2025-08-28 18:56:21'),(204,117,18,'2025/2026','VIII B',2750000.00,2750000.00,'active','2026-12-31','ANNUAL','ANNUAL','2025-08-28 18:56:21','2025-08-28 18:56:21'),(205,118,18,'2025/2026','VIII B',2750000.00,2750000.00,'active','2026-12-31','ANNUAL','ANNUAL','2025-08-28 18:56:21','2025-08-28 18:56:21'),(206,119,18,'2025/2026','VIII B',2750000.00,2750000.00,'active','2026-12-31','ANNUAL','ANNUAL','2025-08-28 18:56:21','2025-08-28 18:56:21'),(207,120,18,'2025/2026','VIII B',2750000.00,2750000.00,'active','2026-12-31','ANNUAL','ANNUAL','2025-08-28 18:56:21','2025-08-28 18:56:21'),(208,121,18,'2025/2026','VIII B',2750000.00,2750000.00,'active','2026-12-31','ANNUAL','ANNUAL','2025-08-28 18:56:21','2025-08-28 18:56:21'),(209,122,18,'2025/2026','VIII B',2750000.00,2750000.00,'active','2026-12-31','ANNUAL','ANNUAL','2025-08-28 18:56:21','2025-08-28 18:56:21'),(210,123,18,'2025/2026','VIII B',2750000.00,2750000.00,'active','2026-12-31','ANNUAL','ANNUAL','2025-08-28 18:56:21','2025-08-28 18:56:21'),(211,124,18,'2025/2026','VIII B',2750000.00,2750000.00,'active','2026-12-31','ANNUAL','ANNUAL','2025-08-28 18:56:21','2025-08-28 18:56:21'),(212,125,18,'2025/2026','VIII C',2750000.00,2750000.00,'active','2026-12-31','ANNUAL','ANNUAL','2025-08-28 18:56:21','2025-08-28 18:56:21'),(213,126,18,'2025/2026','VIII C',2750000.00,2750000.00,'active','2026-12-31','ANNUAL','ANNUAL','2025-08-28 18:56:21','2025-08-28 18:56:21'),(214,127,18,'2025/2026','VIII C',2750000.00,2750000.00,'active','2026-12-31','ANNUAL','ANNUAL','2025-08-28 18:56:21','2025-08-28 18:56:21'),(215,128,18,'2025/2026','VIII C',2750000.00,2750000.00,'active','2026-12-31','ANNUAL','ANNUAL','2025-08-28 18:56:21','2025-08-28 18:56:21'),(216,129,18,'2025/2026','VIII C',2750000.00,2750000.00,'active','2026-12-31','ANNUAL','ANNUAL','2025-08-28 18:56:21','2025-08-28 18:56:21'),(217,130,18,'2025/2026','VIII C',2750000.00,2750000.00,'active','2026-12-31','ANNUAL','ANNUAL','2025-08-28 18:56:21','2025-08-28 18:56:21'),(218,131,18,'2025/2026','VIII C',2750000.00,2750000.00,'active','2026-12-31','ANNUAL','ANNUAL','2025-08-28 18:56:21','2025-08-28 18:56:21'),(219,132,18,'2025/2026','VIII C',2750000.00,2750000.00,'active','2026-12-31','ANNUAL','ANNUAL','2025-08-28 18:56:21','2025-08-28 18:56:21'),(220,133,18,'2025/2026','VIII C',2750000.00,2750000.00,'active','2026-12-31','ANNUAL','ANNUAL','2025-08-28 18:56:21','2025-08-28 18:56:21'),(221,134,18,'2025/2026','VIII C',2750000.00,2750000.00,'active','2026-12-31','ANNUAL','ANNUAL','2025-08-28 18:56:21','2025-08-28 18:56:21'),(222,135,18,'2025/2026','VIII C',2750000.00,2750000.00,'active','2026-12-31','ANNUAL','ANNUAL','2025-08-28 18:56:21','2025-08-28 18:56:21'),(223,136,18,'2025/2026','VIII C',2750000.00,2750000.00,'active','2026-12-31','ANNUAL','ANNUAL','2025-08-28 18:56:21','2025-08-28 18:56:21'),(224,137,18,'2025/2026','VIII C',2750000.00,2750000.00,'active','2026-12-31','ANNUAL','ANNUAL','2025-08-28 18:56:21','2025-08-28 18:56:21'),(225,138,18,'2025/2026','VIII C',2750000.00,2750000.00,'active','2026-12-31','ANNUAL','ANNUAL','2025-08-28 18:56:21','2025-08-28 18:56:21'),(226,139,18,'2025/2026','VIII C',2750000.00,2750000.00,'active','2026-12-31','ANNUAL','ANNUAL','2025-08-28 18:56:21','2025-08-28 18:56:21'),(227,140,18,'2025/2026','VIII C',2750000.00,2750000.00,'active','2026-12-31','ANNUAL','ANNUAL','2025-08-28 18:56:21','2025-08-28 18:56:21'),(228,141,18,'2025/2026','VIII C',2750000.00,2750000.00,'active','2026-12-31','ANNUAL','ANNUAL','2025-08-28 18:56:21','2025-08-28 18:56:21'),(229,142,18,'2025/2026','VIII C',2750000.00,2750000.00,'active','2026-12-31','ANNUAL','ANNUAL','2025-08-28 18:56:21','2025-08-28 18:56:21'),(230,143,18,'2025/2026','VIII C',2750000.00,2750000.00,'active','2026-12-31','ANNUAL','ANNUAL','2025-08-28 18:56:21','2025-08-28 18:56:21'),(231,144,18,'2025/2026','VIII C',2750000.00,2750000.00,'active','2026-12-31','ANNUAL','ANNUAL','2025-08-28 18:56:21','2025-08-28 18:56:21'),(232,145,18,'2025/2026','VIII C',2750000.00,2750000.00,'active','2026-12-31','ANNUAL','ANNUAL','2025-08-28 18:56:21','2025-08-28 18:56:21'),(233,146,18,'2025/2026','VIII C',2750000.00,2750000.00,'active','2026-12-31','ANNUAL','ANNUAL','2025-08-28 18:56:21','2025-08-28 18:56:21'),(234,9,18,'2025-2026','VII A',2750000.00,2300000.00,'active','2026-12-31','Tahunan 2025-2026','ANNUAL','2025-08-29 03:24:22','2025-08-29 03:25:15');
/*!40000 ALTER TABLE `billing_records` ENABLE KEYS */;
UNLOCK TABLES;

--
-- Table structure for table `classes`
--

DROP TABLE IF EXISTS `classes`;
/*!40101 SET @saved_cs_client     = @@character_set_client */;
/*!50503 SET character_set_client = utf8mb4 */;
CREATE TABLE `classes` (
  `id` bigint unsigned NOT NULL AUTO_INCREMENT,
  `institution_id` bigint unsigned NOT NULL,
  `class_name` varchar(255) COLLATE utf8mb4_unicode_ci NOT NULL,
  `level` varchar(10) COLLATE utf8mb4_unicode_ci NOT NULL COMMENT 'VII, VIII, IX, X, XI, XII',
  `grade_level` varchar(255) COLLATE utf8mb4_unicode_ci NOT NULL,
  `academic_year_id` bigint unsigned NOT NULL,
  `capacity` int NOT NULL DEFAULT '40',
  `is_active` tinyint(1) NOT NULL DEFAULT '1',
  `created_at` timestamp NULL DEFAULT NULL,
  `updated_at` timestamp NULL DEFAULT NULL,
  PRIMARY KEY (`id`),
  KEY `classes_institution_id_foreign` (`institution_id`),
  KEY `classes_academic_year_id_foreign` (`academic_year_id`),
  KEY `classes_level_index` (`level`),
  CONSTRAINT `classes_academic_year_id_foreign` FOREIGN KEY (`academic_year_id`) REFERENCES `academic_years` (`id`) ON DELETE CASCADE,
  CONSTRAINT `classes_institution_id_foreign` FOREIGN KEY (`institution_id`) REFERENCES `institutions` (`id`) ON DELETE CASCADE
) ENGINE=InnoDB AUTO_INCREMENT=72 DEFAULT CHARSET=utf8mb4 COLLATE=utf8mb4_unicode_ci;
/*!40101 SET character_set_client = @saved_cs_client */;

--
-- Dumping data for table `classes`
--

LOCK TABLES `classes` WRITE;
/*!40000 ALTER TABLE `classes` DISABLE KEYS */;
INSERT INTO `classes` VALUES (22,5,'VII A','VII','MTs',1,35,1,'2025-08-27 06:55:50','2025-08-27 22:45:04'),(23,5,'VII B','VII','MTs',1,35,1,'2025-08-27 06:55:50','2025-08-27 22:45:04'),(24,5,'VII C','VII','MTs',1,35,1,'2025-08-27 06:55:50','2025-08-27 22:45:04'),(25,5,'VIII A','VII','MTs',1,35,1,'2025-08-27 06:55:50','2025-08-27 22:45:04'),(26,5,'VIII B','VII','MTs',1,35,1,'2025-08-27 06:55:50','2025-08-27 22:45:04'),(27,5,'VIII C','VII','MTs',1,35,1,'2025-08-27 06:55:50','2025-08-27 22:45:04'),(28,5,'IX A','IX','MTs',1,35,1,'2025-08-27 06:55:50','2025-08-27 22:45:04'),(29,5,'IX B','IX','MTs',1,35,1,'2025-08-27 06:55:50','2025-08-27 22:45:04'),(30,5,'IX C','IX','MTs',1,35,1,'2025-08-27 06:55:50','2025-08-27 22:45:04'),(31,4,'X','X','MA',1,35,1,'2025-08-27 06:55:50','2025-08-27 22:45:04'),(32,4,'XI','XI','MA',1,35,1,'2025-08-27 06:55:50','2025-08-27 22:45:04'),(33,4,'XII 1','XI','MA',1,35,1,'2025-08-27 06:55:50','2025-08-27 22:45:04'),(34,4,'XII 2','XI','MA',1,35,1,'2025-08-27 06:55:50','2025-08-27 22:45:04'),(35,6,'VII','VII','SMP',1,35,1,'2025-08-27 06:55:50','2025-08-27 22:45:04'),(36,6,'VIII','VII','SMP',1,35,1,'2025-08-27 06:55:50','2025-08-27 22:45:04'),(37,6,'IX','IX','SMP',1,35,1,'2025-08-27 06:55:50','2025-08-27 22:45:04'),(38,1,'X','X','SMA',1,35,1,'2025-08-27 06:55:50','2025-08-27 22:45:04'),(39,1,'XI','XI','SMA',1,35,1,'2025-08-27 06:55:50','2025-08-27 22:45:04'),(40,1,'XII','XI','SMA',1,35,1,'2025-08-27 06:55:50','2025-08-27 22:45:04'),(41,2,'X TPM 1','X','SMK',1,35,1,'2025-08-27 06:55:50','2025-08-27 22:45:04'),(42,2,'X TPM 2','X','SMK',1,35,1,'2025-08-27 06:55:50','2025-08-27 22:45:04'),(43,2,'X TPM 3','X','SMK',1,35,1,'2025-08-27 06:55:50','2025-08-27 22:45:04'),(44,2,'X TPM 4','X','SMK',1,35,1,'2025-08-27 06:55:50','2025-08-27 22:45:04'),(45,2,'X TKR','X','SMK',1,35,1,'2025-08-27 06:55:50','2025-08-27 22:45:04'),(46,2,'X TL','X','SMK',1,35,1,'2025-08-27 06:55:50','2025-08-27 22:45:04'),(47,2,'X APL','X','SMK',1,35,1,'2025-08-27 06:55:50','2025-08-27 22:45:04'),(48,2,'X MPK 1','X','SMK',1,35,1,'2025-08-27 06:55:50','2025-08-27 22:45:04'),(49,2,'X MPK 2','X','SMK',1,35,1,'2025-08-27 06:55:50','2025-08-27 22:45:04'),(50,2,'X DKV','X','SMK',1,35,1,'2025-08-27 06:55:50','2025-08-27 22:45:04'),(51,2,'XI TPM 1','XI','SMK',1,35,1,'2025-08-27 06:55:50','2025-08-27 22:45:04'),(52,2,'XI TPM 2','XI','SMK',1,35,1,'2025-08-27 06:55:50','2025-08-27 22:45:04'),(53,2,'XI TPM 3','XI','SMK',1,35,1,'2025-08-27 06:55:50','2025-08-27 22:45:04'),(54,2,'XI TPM 4','XI','SMK',1,35,1,'2025-08-27 06:55:50','2025-08-27 22:45:04'),(55,2,'XI TKR','XI','SMK',1,35,1,'2025-08-27 06:55:50','2025-08-27 22:45:04'),(56,2,'XI TL','XI','SMK',1,35,1,'2025-08-27 06:55:50','2025-08-27 22:45:04'),(57,2,'XI APL','XI','SMK',1,35,1,'2025-08-27 06:55:50','2025-08-27 22:45:04'),(58,2,'XI MPK 1','XI','SMK',1,35,1,'2025-08-27 06:55:50','2025-08-27 22:45:04'),(59,2,'XI MPK 2','XI','SMK',1,35,1,'2025-08-27 06:55:50','2025-08-27 22:45:04'),(60,2,'XI DKV','XI','SMK',1,35,1,'2025-08-27 06:55:50','2025-08-27 22:45:04'),(61,2,'XII TPM 1','XI','SMK',1,35,1,'2025-08-27 06:55:50','2025-08-27 22:45:04'),(62,2,'XII TPM 2','XI','SMK',1,35,1,'2025-08-27 06:55:50','2025-08-27 22:45:04'),(63,2,'XII TPM 3','XI','SMK',1,35,1,'2025-08-27 06:55:50','2025-08-27 22:45:04'),(64,2,'XII TPM 4','XI','SMK',1,35,1,'2025-08-27 06:55:50','2025-08-27 22:45:04'),(65,2,'XII TPM 5','XI','SMK',1,35,1,'2025-08-27 06:55:50','2025-08-27 22:45:04'),(66,2,'XII TKR','XI','SMK',1,35,1,'2025-08-27 06:55:50','2025-08-27 22:45:04'),(67,2,'XII TL','XI','SMK',1,35,1,'2025-08-27 06:55:50','2025-08-27 22:45:04'),(68,2,'XII APL','XI','SMK',1,35,1,'2025-08-27 06:55:50','2025-08-27 22:45:04'),(69,2,'XII MPK 1','XI','SMK',1,35,1,'2025-08-27 06:55:50','2025-08-27 22:45:04'),(70,2,'XII MPK 2','XI','SMK',1,35,1,'2025-08-27 06:55:50','2025-08-27 22:45:04'),(71,2,'XII DKV','XI','SMK',1,35,1,'2025-08-27 06:55:50','2025-08-27 22:45:04');
/*!40000 ALTER TABLE `classes` ENABLE KEYS */;
UNLOCK TABLES;

--
-- Table structure for table `digital_payments`
--

DROP TABLE IF EXISTS `digital_payments`;
/*!40101 SET @saved_cs_client     = @@character_set_client */;
/*!50503 SET character_set_client = utf8mb4 */;
CREATE TABLE `digital_payments` (
  `id` bigint unsigned NOT NULL AUTO_INCREMENT,
  `student_id` bigint unsigned NOT NULL,
  `amount` decimal(12,2) NOT NULL,
  `payment_method` enum('midtrans','btn_bank','other') COLLATE utf8mb4_unicode_ci NOT NULL,
  `gateway_id` bigint unsigned DEFAULT NULL,
  `status` enum('pending','processing','completed','failed','expired') COLLATE utf8mb4_unicode_ci NOT NULL DEFAULT 'pending',
  `reference_id` varchar(255) COLLATE utf8mb4_unicode_ci DEFAULT NULL,
  `callback_data` json DEFAULT NULL,
  `expired_at` timestamp NULL DEFAULT NULL,
  `created_at` timestamp NULL DEFAULT NULL,
  `updated_at` timestamp NULL DEFAULT NULL,
  PRIMARY KEY (`id`),
  KEY `digital_payments_student_id_foreign` (`student_id`),
  KEY `digital_payments_gateway_id_foreign` (`gateway_id`),
  CONSTRAINT `digital_payments_gateway_id_foreign` FOREIGN KEY (`gateway_id`) REFERENCES `payment_gateways` (`id`) ON DELETE SET NULL,
  CONSTRAINT `digital_payments_student_id_foreign` FOREIGN KEY (`student_id`) REFERENCES `students` (`id`) ON DELETE CASCADE
) ENGINE=InnoDB DEFAULT CHARSET=utf8mb4 COLLATE=utf8mb4_unicode_ci;
/*!40101 SET character_set_client = @saved_cs_client */;

--
-- Dumping data for table `digital_payments`
--

LOCK TABLES `digital_payments` WRITE;
/*!40000 ALTER TABLE `digital_payments` DISABLE KEYS */;
/*!40000 ALTER TABLE `digital_payments` ENABLE KEYS */;
UNLOCK TABLES;

--
-- Table structure for table `failed_jobs`
--

DROP TABLE IF EXISTS `failed_jobs`;
/*!40101 SET @saved_cs_client     = @@character_set_client */;
/*!50503 SET character_set_client = utf8mb4 */;
CREATE TABLE `failed_jobs` (
  `id` bigint unsigned NOT NULL AUTO_INCREMENT,
  `uuid` varchar(255) COLLATE utf8mb4_unicode_ci NOT NULL,
  `connection` text COLLATE utf8mb4_unicode_ci NOT NULL,
  `queue` text COLLATE utf8mb4_unicode_ci NOT NULL,
  `payload` longtext COLLATE utf8mb4_unicode_ci NOT NULL,
  `exception` longtext COLLATE utf8mb4_unicode_ci NOT NULL,
  `failed_at` timestamp NOT NULL DEFAULT CURRENT_TIMESTAMP,
  PRIMARY KEY (`id`),
  UNIQUE KEY `failed_jobs_uuid_unique` (`uuid`)
) ENGINE=InnoDB DEFAULT CHARSET=utf8mb4 COLLATE=utf8mb4_unicode_ci;
/*!40101 SET character_set_client = @saved_cs_client */;

--
-- Dumping data for table `failed_jobs`
--

LOCK TABLES `failed_jobs` WRITE;
/*!40000 ALTER TABLE `failed_jobs` DISABLE KEYS */;
/*!40000 ALTER TABLE `failed_jobs` ENABLE KEYS */;
UNLOCK TABLES;

--
-- Table structure for table `fee_structures`
--

DROP TABLE IF EXISTS `fee_structures`;
/*!40101 SET @saved_cs_client     = @@character_set_client */;
/*!50503 SET character_set_client = utf8mb4 */;
CREATE TABLE `fee_structures` (
  `id` bigint unsigned NOT NULL AUTO_INCREMENT,
  `institution_id` bigint unsigned NOT NULL,
  `class_id` bigint unsigned NOT NULL,
  `academic_year_id` bigint unsigned NOT NULL,
  `monthly_amount` decimal(12,2) NOT NULL,
  `yearly_amount` decimal(12,2) NOT NULL,
  `scholarship_discount` decimal(5,2) NOT NULL DEFAULT '0.00',
  `description` text COLLATE utf8mb4_unicode_ci,
  `is_active` tinyint(1) NOT NULL DEFAULT '1',
  `created_at` timestamp NULL DEFAULT NULL,
  `updated_at` timestamp NULL DEFAULT NULL,
  PRIMARY KEY (`id`),
  KEY `fee_structures_institution_id_foreign` (`institution_id`),
  KEY `fee_structures_class_id_foreign` (`class_id`),
  KEY `fee_structures_academic_year_id_foreign` (`academic_year_id`),
  CONSTRAINT `fee_structures_academic_year_id_foreign` FOREIGN KEY (`academic_year_id`) REFERENCES `academic_years` (`id`) ON DELETE CASCADE,
  CONSTRAINT `fee_structures_class_id_foreign` FOREIGN KEY (`class_id`) REFERENCES `classes` (`id`) ON DELETE CASCADE,
  CONSTRAINT `fee_structures_institution_id_foreign` FOREIGN KEY (`institution_id`) REFERENCES `institutions` (`id`) ON DELETE CASCADE
) ENGINE=InnoDB AUTO_INCREMENT=19 DEFAULT CHARSET=utf8mb4 COLLATE=utf8mb4_unicode_ci;
/*!40101 SET character_set_client = @saved_cs_client */;

--
-- Dumping data for table `fee_structures`
--

LOCK TABLES `fee_structures` WRITE;
/*!40000 ALTER TABLE `fee_structures` DISABLE KEYS */;
INSERT INTO `fee_structures` VALUES (18,5,22,1,229167.00,2750000.00,0.00,NULL,1,'2025-08-28 08:04:43','2025-08-28 08:04:43');
/*!40000 ALTER TABLE `fee_structures` ENABLE KEYS */;
UNLOCK TABLES;

--
-- Table structure for table `institution_user`
--

DROP TABLE IF EXISTS `institution_user`;
/*!40101 SET @saved_cs_client     = @@character_set_client */;
/*!50503 SET character_set_client = utf8mb4 */;
CREATE TABLE `institution_user` (
  `id` bigint unsigned NOT NULL AUTO_INCREMENT,
  `user_id` bigint unsigned NOT NULL,
  `institution_id` bigint unsigned NOT NULL,
  `created_at` timestamp NULL DEFAULT NULL,
  `updated_at` timestamp NULL DEFAULT NULL,
  PRIMARY KEY (`id`),
  UNIQUE KEY `institution_user_user_id_institution_id_unique` (`user_id`,`institution_id`),
  KEY `institution_user_institution_id_foreign` (`institution_id`),
  CONSTRAINT `institution_user_institution_id_foreign` FOREIGN KEY (`institution_id`) REFERENCES `institutions` (`id`) ON DELETE CASCADE,
  CONSTRAINT `institution_user_user_id_foreign` FOREIGN KEY (`user_id`) REFERENCES `users` (`id`) ON DELETE CASCADE
) ENGINE=InnoDB AUTO_INCREMENT=9 DEFAULT CHARSET=utf8mb4 COLLATE=utf8mb4_unicode_ci;
/*!40101 SET character_set_client = @saved_cs_client */;

--
-- Dumping data for table `institution_user`
--

LOCK TABLES `institution_user` WRITE;
/*!40000 ALTER TABLE `institution_user` DISABLE KEYS */;
INSERT INTO `institution_user` VALUES (3,8,2,NULL,NULL),(5,8,1,NULL,NULL),(6,8,6,NULL,NULL),(7,7,4,NULL,NULL),(8,7,5,NULL,NULL);
/*!40000 ALTER TABLE `institution_user` ENABLE KEYS */;
UNLOCK TABLES;

--
-- Table structure for table `institutions`
--

DROP TABLE IF EXISTS `institutions`;
/*!40101 SET @saved_cs_client     = @@character_set_client */;
/*!50503 SET character_set_client = utf8mb4 */;
CREATE TABLE `institutions` (
  `id` bigint unsigned NOT NULL AUTO_INCREMENT,
  `name` varchar(255) COLLATE utf8mb4_unicode_ci NOT NULL,
  `address` text COLLATE utf8mb4_unicode_ci,
  `phone` varchar(255) COLLATE utf8mb4_unicode_ci DEFAULT NULL,
  `email` varchar(255) COLLATE utf8mb4_unicode_ci DEFAULT NULL,
  `logo` varchar(255) COLLATE utf8mb4_unicode_ci DEFAULT NULL,
  `is_active` tinyint(1) NOT NULL DEFAULT '1',
  `created_at` timestamp NULL DEFAULT NULL,
  `updated_at` timestamp NULL DEFAULT NULL,
  PRIMARY KEY (`id`)
) ENGINE=InnoDB AUTO_INCREMENT=10 DEFAULT CHARSET=utf8mb4 COLLATE=utf8mb4_unicode_ci;
/*!40101 SET character_set_client = @saved_cs_client */;

--
-- Dumping data for table `institutions`
--

LOCK TABLES `institutions` WRITE;
/*!40000 ALTER TABLE `institutions` DISABLE KEYS */;
INSERT INTO `institutions` VALUES (1,'SMA YASMU','Jl. Demo No. 123, Jakarta','021-1234567','sma@yasmu.org','logos/EcOUNwjlUf76uCaWnFaOmTP5100ej04arOv0HmKB.png',1,'2025-08-11 09:53:52','2025-08-30 05:26:59'),(2,'SMK YASMU','Jl. Contoh No. 123, Kota, Provinsi','08123456789','smk@yasmu.ac.id',NULL,1,'2025-08-11 10:42:46','2025-08-11 12:26:59'),(4,'MA YASMU','Manyarejo','021-1234567','ma@yasmu.ac.id',NULL,1,'2025-08-11 12:27:25','2025-08-11 12:27:25'),(5,'MTs YASMU','Manyarejo','021-1234567','mts@yasmu.ac.id',NULL,1,'2025-08-11 12:27:41','2025-08-11 12:27:41'),(6,'SMP YASMU','Manyarejo','08123456789','smp@yasmu.ac.id',NULL,1,'2025-08-11 12:27:59','2025-08-11 12:27:59'),(9,'Yayasan Mu\'allimin Mu\'allimat YASMU','Jl. Manyar, Gresik, Jawa Timur','08123456789','info@yasmu.ac.id',NULL,1,'2025-08-30 05:25:38','2025-08-30 05:25:38');
/*!40000 ALTER TABLE `institutions` ENABLE KEYS */;
UNLOCK TABLES;

--
-- Table structure for table `migrations`
--

DROP TABLE IF EXISTS `migrations`;
/*!40101 SET @saved_cs_client     = @@character_set_client */;
/*!50503 SET character_set_client = utf8mb4 */;
CREATE TABLE `migrations` (
  `id` int unsigned NOT NULL AUTO_INCREMENT,
  `migration` varchar(255) COLLATE utf8mb4_unicode_ci NOT NULL,
  `batch` int NOT NULL,
  PRIMARY KEY (`id`)
) ENGINE=InnoDB AUTO_INCREMENT=28 DEFAULT CHARSET=utf8mb4 COLLATE=utf8mb4_unicode_ci;
/*!40101 SET character_set_client = @saved_cs_client */;

--
-- Dumping data for table `migrations`
--

LOCK TABLES `migrations` WRITE;
/*!40000 ALTER TABLE `migrations` DISABLE KEYS */;
INSERT INTO `migrations` VALUES (1,'2014_10_12_000000_create_users_table',1),(2,'2014_10_12_100000_create_password_resets_table',1),(3,'2019_08_19_000000_create_failed_jobs_table',1),(4,'2019_12_14_000001_create_personal_access_tokens_table',1),(5,'2024_01_15_000001_create_institutions_table',1),(6,'2024_01_15_000002_create_scholarship_categories_table',1),(7,'2024_01_15_000003_create_academic_years_table',1),(8,'2024_01_15_000004_create_classes_table',1),(9,'2024_01_15_000005_create_fee_structures_table',1),(10,'2024_01_15_000006_create_students_table',1),(11,'2024_01_15_000007_create_billing_records_table',1),(12,'2024_01_15_000008_create_payments_table',1),(13,'2024_01_15_000009_create_payment_allocations_table',1),(14,'2024_01_15_000010_create_audit_logs_table',1),(15,'2024_01_15_000011_create_two_factor_auth_table',1),(16,'2024_01_15_000012_create_payment_gateways_table',1),(17,'2024_01_15_000013_create_digital_payments_table',1),(18,'2024_01_15_000014_add_fields_to_users_table',2),(19,'2025_08_11_190327_add_description_to_academic_years_table',3),(20,'2025_08_27_071430_update_payments_table_add_billing_record_id_and_rename_total_amount',4),(21,'2025_08_27_104116_create_institution_user_table',5),(22,'2025_08_28_054217_add_level_to_classes_table',6),(23,'2025_08_28_232307_remove_edc_payment_methods',7),(24,'2025_08_28_232603_add_verified_status_to_payments_table',8),(25,'2025_08_28_234712_update_users_role_enum',9),(26,'2025_08_29_003657_add_previous_debt_to_students_table',10),(27,'2025_08_30_120245_create_app_settings_table',11);
/*!40000 ALTER TABLE `migrations` ENABLE KEYS */;
UNLOCK TABLES;

--
-- Table structure for table `password_resets`
--

DROP TABLE IF EXISTS `password_resets`;
/*!40101 SET @saved_cs_client     = @@character_set_client */;
/*!50503 SET character_set_client = utf8mb4 */;
CREATE TABLE `password_resets` (
  `email` varchar(255) COLLATE utf8mb4_unicode_ci NOT NULL,
  `token` varchar(255) COLLATE utf8mb4_unicode_ci NOT NULL,
  `created_at` timestamp NULL DEFAULT NULL,
  KEY `password_resets_email_index` (`email`)
) ENGINE=InnoDB DEFAULT CHARSET=utf8mb4 COLLATE=utf8mb4_unicode_ci;
/*!40101 SET character_set_client = @saved_cs_client */;

--
-- Dumping data for table `password_resets`
--

LOCK TABLES `password_resets` WRITE;
/*!40000 ALTER TABLE `password_resets` DISABLE KEYS */;
/*!40000 ALTER TABLE `password_resets` ENABLE KEYS */;
UNLOCK TABLES;

--
-- Table structure for table `payment_allocations`
--

DROP TABLE IF EXISTS `payment_allocations`;
/*!40101 SET @saved_cs_client     = @@character_set_client */;
/*!50503 SET character_set_client = utf8mb4 */;
CREATE TABLE `payment_allocations` (
  `id` bigint unsigned NOT NULL AUTO_INCREMENT,
  `payment_id` bigint unsigned NOT NULL,
  `billing_record_id` bigint unsigned NOT NULL,
  `allocated_amount` decimal(12,2) NOT NULL,
  `allocation_date` date NOT NULL,
  `notes` text COLLATE utf8mb4_unicode_ci,
  `created_at` timestamp NULL DEFAULT NULL,
  `updated_at` timestamp NULL DEFAULT NULL,
  PRIMARY KEY (`id`),
  KEY `payment_allocations_payment_id_foreign` (`payment_id`),
  KEY `payment_allocations_billing_record_id_foreign` (`billing_record_id`),
  CONSTRAINT `payment_allocations_billing_record_id_foreign` FOREIGN KEY (`billing_record_id`) REFERENCES `billing_records` (`id`) ON DELETE CASCADE,
  CONSTRAINT `payment_allocations_payment_id_foreign` FOREIGN KEY (`payment_id`) REFERENCES `payments` (`id`) ON DELETE CASCADE
) ENGINE=InnoDB DEFAULT CHARSET=utf8mb4 COLLATE=utf8mb4_unicode_ci;
/*!40101 SET character_set_client = @saved_cs_client */;

--
-- Dumping data for table `payment_allocations`
--

LOCK TABLES `payment_allocations` WRITE;
/*!40000 ALTER TABLE `payment_allocations` DISABLE KEYS */;
/*!40000 ALTER TABLE `payment_allocations` ENABLE KEYS */;
UNLOCK TABLES;

--
-- Table structure for table `payment_gateways`
--

DROP TABLE IF EXISTS `payment_gateways`;
/*!40101 SET @saved_cs_client     = @@character_set_client */;
/*!50503 SET character_set_client = utf8mb4 */;
CREATE TABLE `payment_gateways` (
  `id` bigint unsigned NOT NULL AUTO_INCREMENT,
  `name` varchar(255) COLLATE utf8mb4_unicode_ci NOT NULL,
  `api_key` varchar(255) COLLATE utf8mb4_unicode_ci DEFAULT NULL,
  `api_secret` text COLLATE utf8mb4_unicode_ci,
  `config` json DEFAULT NULL,
  `is_active` tinyint(1) NOT NULL DEFAULT '0',
  `institution_id` bigint unsigned DEFAULT NULL,
  `created_at` timestamp NULL DEFAULT NULL,
  `updated_at` timestamp NULL DEFAULT NULL,
  PRIMARY KEY (`id`),
  KEY `payment_gateways_institution_id_foreign` (`institution_id`),
  CONSTRAINT `payment_gateways_institution_id_foreign` FOREIGN KEY (`institution_id`) REFERENCES `institutions` (`id`) ON DELETE CASCADE
) ENGINE=InnoDB AUTO_INCREMENT=3 DEFAULT CHARSET=utf8mb4 COLLATE=utf8mb4_unicode_ci;
/*!40101 SET character_set_client = @saved_cs_client */;

--
-- Dumping data for table `payment_gateways`
--

LOCK TABLES `payment_gateways` WRITE;
/*!40000 ALTER TABLE `payment_gateways` DISABLE KEYS */;
INSERT INTO `payment_gateways` VALUES (1,'Midtrans',NULL,NULL,'{\"snap_url\": \"https://app.sandbox.midtrans.com/snap/v1/transactions\", \"client_key\": \"\", \"server_key\": \"\", \"merchant_id\": \"\", \"is_production\": false}',0,NULL,'2025-08-11 09:53:05','2025-08-11 09:53:05'),(2,'BTN Bank',NULL,NULL,'{\"client_id\": \"\", \"merchant_id\": \"\", \"terminal_id\": \"\", \"client_secret\": \"\", \"is_production\": false}',0,NULL,'2025-08-11 09:53:05','2025-08-11 09:53:05');
/*!40000 ALTER TABLE `payment_gateways` ENABLE KEYS */;
UNLOCK TABLES;

--
-- Table structure for table `payments`
--

DROP TABLE IF EXISTS `payments`;
/*!40101 SET @saved_cs_client     = @@character_set_client */;
/*!50503 SET character_set_client = utf8mb4 */;
CREATE TABLE `payments` (
  `id` bigint unsigned NOT NULL AUTO_INCREMENT,
  `student_id` bigint unsigned NOT NULL,
  `payment_date` date NOT NULL,
  `total_amount` decimal(12,2) NOT NULL,
  `payment_method` enum('cash','transfer','digital_payment') COLLATE utf8mb4_unicode_ci NOT NULL,
  `reference_number` varchar(255) COLLATE utf8mb4_unicode_ci DEFAULT NULL,
  `receipt_number` varchar(255) COLLATE utf8mb4_unicode_ci NOT NULL,
  `kasir_id` bigint unsigned NOT NULL,
  `notes` text COLLATE utf8mb4_unicode_ci,
  `status` enum('pending','verified','completed','failed','cancelled') COLLATE utf8mb4_unicode_ci DEFAULT 'completed',
  `created_at` timestamp NULL DEFAULT NULL,
  `updated_at` timestamp NULL DEFAULT NULL,
  `billing_record_id` bigint unsigned DEFAULT NULL,
  PRIMARY KEY (`id`),
  UNIQUE KEY `payments_receipt_number_unique` (`receipt_number`),
  KEY `payments_student_id_foreign` (`student_id`),
  KEY `payments_kasir_id_foreign` (`kasir_id`),
  KEY `payments_billing_record_id_foreign` (`billing_record_id`),
  CONSTRAINT `payments_billing_record_id_foreign` FOREIGN KEY (`billing_record_id`) REFERENCES `billing_records` (`id`) ON DELETE CASCADE,
  CONSTRAINT `payments_kasir_id_foreign` FOREIGN KEY (`kasir_id`) REFERENCES `users` (`id`) ON DELETE CASCADE,
  CONSTRAINT `payments_student_id_foreign` FOREIGN KEY (`student_id`) REFERENCES `students` (`id`) ON DELETE CASCADE
) ENGINE=InnoDB AUTO_INCREMENT=7 DEFAULT CHARSET=utf8mb4 COLLATE=utf8mb4_unicode_ci;
/*!40101 SET character_set_client = @saved_cs_client */;

--
-- Dumping data for table `payments`
--

LOCK TABLES `payments` WRITE;
/*!40000 ALTER TABLE `payments` DISABLE KEYS */;
INSERT INTO `payments` VALUES (3,4,'2025-08-28',300000.00,'cash',NULL,'RCP-20250828-0001',3,NULL,'completed','2025-08-28 09:03:31','2025-08-28 09:03:31',31),(4,5,'2025-08-28',400000.00,'transfer',NULL,'RCP-20250828-0002',3,NULL,'verified','2025-08-28 16:27:30','2025-08-28 16:27:30',92),(5,6,'2025-08-28',300000.00,'transfer',NULL,'RCP-20250828-0003',7,'\n\n[VERIFIKASI] 28/08/2025 23:40 - Status: Terverifikasi','verified','2025-08-28 16:36:53','2025-08-28 16:40:40',93),(6,9,'2025-08-29',450000.00,'cash',NULL,'RCP-20250829-0004',7,NULL,'verified','2025-08-29 03:25:15','2025-08-29 03:25:15',234);
/*!40000 ALTER TABLE `payments` ENABLE KEYS */;
UNLOCK TABLES;

--
-- Table structure for table `personal_access_tokens`
--

DROP TABLE IF EXISTS `personal_access_tokens`;
/*!40101 SET @saved_cs_client     = @@character_set_client */;
/*!50503 SET character_set_client = utf8mb4 */;
CREATE TABLE `personal_access_tokens` (
  `id` bigint unsigned NOT NULL AUTO_INCREMENT,
  `tokenable_type` varchar(255) COLLATE utf8mb4_unicode_ci NOT NULL,
  `tokenable_id` bigint unsigned NOT NULL,
  `name` varchar(255) COLLATE utf8mb4_unicode_ci NOT NULL,
  `token` varchar(64) COLLATE utf8mb4_unicode_ci NOT NULL,
  `abilities` text COLLATE utf8mb4_unicode_ci,
  `last_used_at` timestamp NULL DEFAULT NULL,
  `created_at` timestamp NULL DEFAULT NULL,
  `updated_at` timestamp NULL DEFAULT NULL,
  PRIMARY KEY (`id`),
  UNIQUE KEY `personal_access_tokens_token_unique` (`token`),
  KEY `personal_access_tokens_tokenable_type_tokenable_id_index` (`tokenable_type`,`tokenable_id`)
) ENGINE=InnoDB DEFAULT CHARSET=utf8mb4 COLLATE=utf8mb4_unicode_ci;
/*!40101 SET character_set_client = @saved_cs_client */;

--
-- Dumping data for table `personal_access_tokens`
--

LOCK TABLES `personal_access_tokens` WRITE;
/*!40000 ALTER TABLE `personal_access_tokens` DISABLE KEYS */;
/*!40000 ALTER TABLE `personal_access_tokens` ENABLE KEYS */;
UNLOCK TABLES;

--
-- Table structure for table `scholarship_categories`
--

DROP TABLE IF EXISTS `scholarship_categories`;
/*!40101 SET @saved_cs_client     = @@character_set_client */;
/*!50503 SET character_set_client = utf8mb4 */;
CREATE TABLE `scholarship_categories` (
  `id` bigint unsigned NOT NULL AUTO_INCREMENT,
  `name` varchar(255) COLLATE utf8mb4_unicode_ci NOT NULL,
  `discount_percentage` decimal(5,2) NOT NULL,
  `description` text COLLATE utf8mb4_unicode_ci,
  `is_active` tinyint(1) NOT NULL DEFAULT '1',
  `created_at` timestamp NULL DEFAULT NULL,
  `updated_at` timestamp NULL DEFAULT NULL,
  PRIMARY KEY (`id`)
) ENGINE=InnoDB AUTO_INCREMENT=11 DEFAULT CHARSET=utf8mb4 COLLATE=utf8mb4_unicode_ci;
/*!40101 SET character_set_client = @saved_cs_client */;

--
-- Dumping data for table `scholarship_categories`
--

LOCK TABLES `scholarship_categories` WRITE;
/*!40000 ALTER TABLE `scholarship_categories` DISABLE KEYS */;
INSERT INTO `scholarship_categories` VALUES (1,'Yatim-Piatu',100.00,'Siswa yatim-piatu (tidak memiliki ayah dan ibu)',1,'2025-08-11 09:53:02','2025-08-11 09:53:02'),(2,'Yatim',75.00,'Siswa yatim (tidak memiliki ayah)',1,'2025-08-11 09:53:02','2025-08-11 09:53:02'),(3,'Piatu',75.00,'Siswa piatu (tidak memiliki ibu)',1,'2025-08-11 09:53:02','2025-08-11 09:53:02'),(4,'Anak Guru/Tendik/Karyawan',100.00,'Siswa anak guru, tenaga kependidikan, atau karyawan',1,'2025-08-11 09:53:02','2025-08-26 22:58:46'),(5,'Tidak Mampu',25.00,'Siswa dari keluarga tidak mampu',1,'2025-08-11 09:53:02','2025-08-11 09:53:02');
/*!40000 ALTER TABLE `scholarship_categories` ENABLE KEYS */;
UNLOCK TABLES;

--
-- Table structure for table `students`
--

DROP TABLE IF EXISTS `students`;
/*!40101 SET @saved_cs_client     = @@character_set_client */;
/*!50503 SET character_set_client = utf8mb4 */;
CREATE TABLE `students` (
  `id` bigint unsigned NOT NULL AUTO_INCREMENT,
  `institution_id` bigint unsigned NOT NULL,
  `nis` varchar(255) COLLATE utf8mb4_unicode_ci NOT NULL,
  `name` varchar(255) COLLATE utf8mb4_unicode_ci NOT NULL,
  `email` varchar(255) COLLATE utf8mb4_unicode_ci DEFAULT NULL,
  `phone` varchar(255) COLLATE utf8mb4_unicode_ci DEFAULT NULL,
  `address` text COLLATE utf8mb4_unicode_ci,
  `class_id` bigint unsigned NOT NULL,
  `academic_year_id` bigint unsigned NOT NULL,
  `scholarship_category_id` bigint unsigned DEFAULT NULL,
  `status` enum('active','inactive','graduated','transferred') COLLATE utf8mb4_unicode_ci NOT NULL DEFAULT 'active',
  `enrollment_date` date NOT NULL,
  `previous_debt` decimal(10,2) NOT NULL DEFAULT '0.00',
  `previous_debt_year` varchar(4) COLLATE utf8mb4_unicode_ci DEFAULT NULL,
  `created_at` timestamp NULL DEFAULT NULL,
  `updated_at` timestamp NULL DEFAULT NULL,
  PRIMARY KEY (`id`),
  UNIQUE KEY `students_nis_unique` (`nis`),
  KEY `students_institution_id_foreign` (`institution_id`),
  KEY `students_class_id_foreign` (`class_id`),
  KEY `students_academic_year_id_foreign` (`academic_year_id`),
  KEY `students_scholarship_category_id_foreign` (`scholarship_category_id`),
  CONSTRAINT `students_academic_year_id_foreign` FOREIGN KEY (`academic_year_id`) REFERENCES `academic_years` (`id`) ON DELETE CASCADE,
  CONSTRAINT `students_class_id_foreign` FOREIGN KEY (`class_id`) REFERENCES `classes` (`id`) ON DELETE CASCADE,
  CONSTRAINT `students_institution_id_foreign` FOREIGN KEY (`institution_id`) REFERENCES `institutions` (`id`) ON DELETE CASCADE,
  CONSTRAINT `students_scholarship_category_id_foreign` FOREIGN KEY (`scholarship_category_id`) REFERENCES `scholarship_categories` (`id`) ON DELETE SET NULL
) ENGINE=InnoDB AUTO_INCREMENT=147 DEFAULT CHARSET=utf8mb4 COLLATE=utf8mb4_unicode_ci;
/*!40101 SET character_set_client = @saved_cs_client */;

--
-- Dumping data for table `students`
--

LOCK TABLES `students` WRITE;
/*!40000 ALTER TABLE `students` DISABLE KEYS */;
INSERT INTO `students` VALUES (4,5,'MTS-1691','ABIDZAR AL GHIFARY','mtsyasmu@sispema.or.id',NULL,NULL,22,1,NULL,'active','2025-08-28',2500000.00,NULL,'2025-08-27 21:51:59','2025-08-28 17:43:59'),(5,5,'MTS-1624','ANNISA GIFTY ROBBANI','mtsyasmu@sispema.or.id',NULL,NULL,22,1,NULL,'active','2025-08-28',0.00,NULL,'2025-08-27 21:51:59','2025-08-27 21:51:59'),(6,5,'MTS-1687','ANNISA AQYLA TAMHIDA','mtsyasmu@sispema.or.id',NULL,NULL,22,1,NULL,'active','2025-08-28',0.00,NULL,'2025-08-27 21:51:59','2025-08-27 21:51:59'),(7,5,'MTS-1645','ATIKA FARA DZAKIYAH','mtsyasmu@sispema.or.id',NULL,NULL,22,1,NULL,'active','2025-08-28',0.00,NULL,'2025-08-27 21:51:59','2025-08-27 21:51:59'),(8,5,'MTS-1660','ATIRA RAMADHANI PUTRI','mtsyasmu@sispema.or.id',NULL,NULL,22,1,NULL,'active','2025-08-28',0.00,NULL,'2025-08-27 21:51:59','2025-08-27 21:51:59'),(9,5,'MTS-1649','AURELIA RAFANI MIRZA','mtsyasmu@sispema.or.id',NULL,NULL,22,1,NULL,'active','2025-08-28',0.00,NULL,'2025-08-27 21:51:59','2025-08-27 21:51:59'),(10,5,'MTS-1682','AYU PUTRI WARDANI','mtsyasmu@sispema.or.id',NULL,NULL,22,1,NULL,'active','2025-08-28',0.00,NULL,'2025-08-27 21:51:59','2025-08-27 21:51:59'),(11,5,'MTS-1636','JIHAN THALITA ULFA','mtsyasmu@sispema.or.id',NULL,NULL,22,1,NULL,'active','2025-08-28',0.00,NULL,'2025-08-27 21:51:59','2025-08-27 21:51:59'),(12,5,'MTS-1646','MAS ALYA DAVANIA PUTRI','mtsyasmu@sispema.or.id',NULL,NULL,22,1,NULL,'active','2025-08-28',0.00,NULL,'2025-08-27 21:51:59','2025-08-27 21:51:59'),(13,5,'MTS-1619','MOH. SULTHAN NAZIRUL ASROFI','mtsyasmu@sispema.or.id',NULL,NULL,22,1,NULL,'active','2025-08-28',0.00,NULL,'2025-08-27 21:51:59','2025-08-27 21:51:59'),(14,5,'MTS-1679','MOHAMMAD DIMAS AJI DWI CHANDRA','mtsyasmu@sispema.or.id',NULL,NULL,22,1,NULL,'active','2025-08-28',0.00,NULL,'2025-08-27 21:51:59','2025-08-27 21:51:59'),(15,5,'MTS-1630','MUHAMMAD ABIED UBAIDILLAH','mtsyasmu@sispema.or.id',NULL,NULL,22,1,NULL,'active','2025-08-28',0.00,NULL,'2025-08-27 21:51:59','2025-08-27 21:51:59'),(16,5,'MTS-1620','MUHAMMAD ADITYA FIRDAUS','mtsyasmu@sispema.or.id',NULL,NULL,22,1,NULL,'active','2025-08-28',0.00,NULL,'2025-08-27 21:51:59','2025-08-27 21:51:59'),(17,5,'MTS-1622','MUHAMMAD AMIRUL KHAQ','mtsyasmu@sispema.or.id',NULL,NULL,22,1,NULL,'active','2025-08-28',0.00,NULL,'2025-08-27 21:51:59','2025-08-27 21:51:59'),(18,5,'MTS-1629','MUHAMMAD DWI KURNIA SANDY','mtsyasmu@sispema.or.id',NULL,NULL,22,1,NULL,'active','2025-08-28',0.00,NULL,'2025-08-27 21:51:59','2025-08-27 21:51:59'),(19,5,'MTS-1668','MUHAMMAD NAUFAL AL BAIHAQI','mtsyasmu@sispema.or.id',NULL,NULL,22,1,NULL,'active','2025-08-28',0.00,NULL,'2025-08-27 21:51:59','2025-08-27 21:51:59'),(20,5,'MTS-1632','MUHAMMAD NURIL RAMADHANI','mtsyasmu@sispema.or.id',NULL,NULL,22,1,NULL,'active','2025-08-28',0.00,NULL,'2025-08-27 21:51:59','2025-08-27 21:51:59'),(21,5,'MTS-1638','MUHAMMAD SALMAN ARZIQI','mtsyasmu@sispema.or.id',NULL,NULL,22,1,NULL,'active','2025-08-28',0.00,NULL,'2025-08-27 21:51:59','2025-08-27 21:51:59'),(22,5,'MTS-1664','MUHAMMAD ZAKI ASY\'ARI','mtsyasmu@sispema.or.id',NULL,NULL,22,1,NULL,'active','2025-08-28',0.00,NULL,'2025-08-27 21:51:59','2025-08-27 21:51:59'),(23,5,'MTS-1688','NAURA HASNA ANNIDA','mtsyasmu@sispema.or.id',NULL,NULL,22,1,NULL,'active','2025-08-28',0.00,NULL,'2025-08-27 21:51:59','2025-08-27 21:51:59'),(24,5,'MTS-1611','RANIAH PUTRI NABILAH','mtsyasmu@sispema.or.id',NULL,NULL,22,1,NULL,'active','2025-08-28',0.00,NULL,'2025-08-27 21:51:59','2025-08-27 21:51:59'),(25,5,'MTS-1655','RAYAN PUTRA RABANA','mtsyasmu@sispema.or.id',NULL,NULL,22,1,NULL,'active','2025-08-28',0.00,NULL,'2025-08-27 21:51:59','2025-08-27 21:51:59'),(26,5,'MTS-1652','REYFAN AIKO ALVARO ARDANA PUTRA','mtsyasmu@sispema.or.id',NULL,NULL,22,1,NULL,'active','2025-08-28',0.00,NULL,'2025-08-27 21:51:59','2025-08-27 21:51:59'),(27,5,'MTS-1643','SAYYID MUHAMMAD HUSAIN ALKAFABIH','mtsyasmu@sispema.or.id',NULL,NULL,22,1,NULL,'active','2025-08-28',0.00,NULL,'2025-08-27 21:51:59','2025-08-27 21:51:59'),(28,5,'MTS-1676','ZANUBA NAJWA AULIA PUTRI','mtsyasmu@sispema.or.id',NULL,NULL,22,1,NULL,'active','2025-08-28',0.00,NULL,'2025-08-27 21:51:59','2025-08-27 21:51:59'),(29,5,'MTS-1685','MOCH FADZIR ZAMZAMI','mtsyasmu@sispema.or.id',NULL,NULL,22,1,NULL,'active','2025-08-28',0.00,NULL,'2025-08-27 21:51:59','2025-08-27 21:51:59'),(30,5,'MTS-1656','ACHMAD FAYDLUL FIKRI','mtsyasmu@sispema.or.id',NULL,NULL,23,1,NULL,'active','2025-08-28',0.00,NULL,'2025-08-27 21:51:59','2025-08-27 21:51:59'),(31,5,'MTS-1680','ACHMAD MAHER ZAIN LINAFSIH','mtsyasmu@sispema.or.id',NULL,NULL,23,1,NULL,'active','2025-08-28',0.00,NULL,'2025-08-27 21:51:59','2025-08-27 21:51:59'),(32,5,'MTS-1672','AFRINA ZAHRANI EKA PUTRI','mtsyasmu@sispema.or.id',NULL,NULL,23,1,NULL,'active','2025-08-28',0.00,NULL,'2025-08-27 21:51:59','2025-08-27 21:51:59'),(33,5,'MTS-1615','AHMAD ARYA PUTRA MAHARDIKA','mtsyasmu@sispema.or.id',NULL,NULL,23,1,NULL,'active','2025-08-28',0.00,NULL,'2025-08-27 21:51:59','2025-08-27 21:51:59'),(34,5,'MTS-1614','ARIFIAN MUHAMMAD CHAKIM','mtsyasmu@sispema.or.id',NULL,NULL,23,1,NULL,'active','2025-08-28',0.00,NULL,'2025-08-27 21:51:59','2025-08-27 21:51:59'),(35,5,'MTS-1613','ARYA MUHAMMAD NUR','mtsyasmu@sispema.or.id',NULL,NULL,23,1,NULL,'active','2025-08-28',0.00,NULL,'2025-08-27 21:51:59','2025-08-27 21:51:59'),(36,5,'MTS-1639','AYUNDA PUTRI FANIA PITALOKA','mtsyasmu@sispema.or.id',NULL,NULL,23,1,NULL,'active','2025-08-28',0.00,NULL,'2025-08-27 21:51:59','2025-08-27 21:51:59'),(37,5,'MTS-1650','DIAN SILVIRA ROSYIDA','mtsyasmu@sispema.or.id',NULL,NULL,23,1,NULL,'active','2025-08-28',0.00,NULL,'2025-08-27 21:51:59','2025-08-27 21:51:59'),(38,5,'MTS-1633','FATHIN SHIDQIYAH','mtsyasmu@sispema.or.id',NULL,NULL,23,1,NULL,'active','2025-08-28',0.00,NULL,'2025-08-27 21:51:59','2025-08-27 21:51:59'),(39,5,'MTS-1671','FIRJINIA NUR AINI','mtsyasmu@sispema.or.id',NULL,NULL,23,1,NULL,'active','2025-08-28',0.00,NULL,'2025-08-27 21:51:59','2025-08-27 21:51:59'),(40,5,'MTS-1666','ISNA FAZA AIRINA','mtsyasmu@sispema.or.id',NULL,NULL,23,1,NULL,'active','2025-08-28',0.00,NULL,'2025-08-27 21:51:59','2025-08-27 21:51:59'),(41,5,'MTS-1644','MUHAMMAD NAFIS GHUFORI','mtsyasmu@sispema.or.id',NULL,NULL,23,1,NULL,'active','2025-08-28',0.00,NULL,'2025-08-27 21:51:59','2025-08-27 21:51:59'),(42,5,'MTS-1635','M. AHSAN BIRIZQIL MAULUD','mtsyasmu@sispema.or.id',NULL,NULL,23,1,NULL,'active','2025-08-28',0.00,NULL,'2025-08-27 21:51:59','2025-08-27 21:51:59'),(43,5,'MTS-1647','MOCHAMMAD DANIS MIRZA MUWAFFAQ','mtsyasmu@sispema.or.id',NULL,NULL,23,1,NULL,'active','2025-08-28',0.00,NULL,'2025-08-27 21:51:59','2025-08-27 21:51:59'),(44,5,'MTS-1684','MOHAMMAD HABIEL','mtsyasmu@sispema.or.id',NULL,NULL,23,1,NULL,'active','2025-08-28',0.00,NULL,'2025-08-27 21:51:59','2025-08-27 21:51:59'),(45,5,'MTS-1674','MUHAMMAD IZUDDIN AL BAIHAQI','mtsyasmu@sispema.or.id',NULL,NULL,23,1,NULL,'active','2025-08-28',0.00,NULL,'2025-08-27 21:51:59','2025-08-27 21:51:59'),(46,5,'MTS-1677','MUHAMMAD RAFI RAISSYA PUTRA','mtsyasmu@sispema.or.id',NULL,NULL,23,1,NULL,'active','2025-08-28',0.00,NULL,'2025-08-27 21:51:59','2025-08-27 21:51:59'),(47,5,'MTS-1617','MUHAMMAD RAYHAN ASSHOBACHI','mtsyasmu@sispema.or.id',NULL,NULL,23,1,NULL,'active','2025-08-28',0.00,NULL,'2025-08-27 21:51:59','2025-08-27 21:51:59'),(48,5,'MTS-1616','MUHAMMAD RIDHO SHOFIYUL ARSYAD','mtsyasmu@sispema.or.id',NULL,NULL,23,1,NULL,'active','2025-08-28',0.00,NULL,'2025-08-27 21:51:59','2025-08-27 21:51:59'),(49,5,'MTS-1689','NUR MUHAMMAD MAULUDANI','mtsyasmu@sispema.or.id',NULL,NULL,23,1,NULL,'active','2025-08-28',0.00,NULL,'2025-08-27 21:51:59','2025-08-27 21:51:59'),(50,5,'MTS-1683','OKTAFIAN PAULINUS KOSAT','mtsyasmu@sispema.or.id',NULL,NULL,23,1,NULL,'active','2025-08-28',0.00,NULL,'2025-08-27 21:51:59','2025-08-27 21:51:59'),(51,5,'MTS-1625','SADIRA NEVA KARAMY','mtsyasmu@sispema.or.id',NULL,NULL,23,1,NULL,'active','2025-08-28',0.00,NULL,'2025-08-27 21:51:59','2025-08-27 21:51:59'),(52,5,'MTS-1690','SYAHIRA AZHARA OCTAVIA','mtsyasmu@sispema.or.id',NULL,NULL,23,1,NULL,'active','2025-08-28',0.00,NULL,'2025-08-27 21:51:59','2025-08-27 21:51:59'),(53,5,'MTS-1653','SITI NADIRA RAHMAPUTRI','mtsyasmu@sispema.or.id',NULL,NULL,23,1,NULL,'active','2025-08-28',0.00,NULL,'2025-08-27 21:51:59','2025-08-27 21:51:59'),(54,5,'MTS-1659','ZASKIA AULIA ROKHMAH','mtsyasmu@sispema.or.id',NULL,NULL,23,1,NULL,'active','2025-08-28',0.00,NULL,'2025-08-27 21:51:59','2025-08-27 21:51:59'),(55,5,'MTS-1626','ZUNITA NOVELIA','mtsyasmu@sispema.or.id',NULL,NULL,23,1,NULL,'active','2025-08-28',0.00,NULL,'2025-08-27 21:51:59','2025-08-27 21:51:59'),(56,5,'MTS-1673','ACHMAD FAIRUS ALFIQROH','mtsyasmu@sispema.or.id',NULL,NULL,24,1,NULL,'active','2025-08-28',0.00,NULL,'2025-08-27 21:51:59','2025-08-27 21:51:59'),(57,5,'MTS-1681','ACHMAD RASYID AD DARUQQUTNI','mtsyasmu@sispema.or.id',NULL,NULL,24,1,NULL,'active','2025-08-28',0.00,NULL,'2025-08-27 21:51:59','2025-08-27 21:51:59'),(58,5,'MTS-1678','ALIFIANDRA WIDHY ADITYA PRATAMA','mtsyasmu@sispema.or.id',NULL,NULL,24,1,NULL,'active','2025-08-28',0.00,NULL,'2025-08-27 21:51:59','2025-08-27 21:51:59'),(59,5,'MTS-1675','ANDINI PUSPITA SETYAWATI','mtsyasmu@sispema.or.id',NULL,NULL,24,1,NULL,'active','2025-08-28',0.00,NULL,'2025-08-27 21:51:59','2025-08-27 21:51:59'),(60,5,'MTS-1637','ANNISA NADHIFATUL LATIFAH','mtsyasmu@sispema.or.id',NULL,NULL,24,1,NULL,'active','2025-08-28',0.00,NULL,'2025-08-27 21:51:59','2025-08-27 21:51:59'),(61,5,'MTS-1634','ARYA MAHESA MUTHOLIB','mtsyasmu@sispema.or.id',NULL,NULL,24,1,NULL,'active','2025-08-28',0.00,NULL,'2025-08-27 21:51:59','2025-08-27 21:51:59'),(62,5,'MTS-1661','ATIKA RAMADHANI PUTRI','mtsyasmu@sispema.or.id',NULL,NULL,24,1,NULL,'active','2025-08-28',0.00,NULL,'2025-08-27 21:51:59','2025-08-27 21:51:59'),(63,5,'MTS-1658','AURELIA NAURAH ZAFARANI','mtsyasmu@sispema.or.id',NULL,NULL,24,1,NULL,'active','2025-08-28',0.00,NULL,'2025-08-27 21:51:59','2025-08-27 21:51:59'),(64,5,'MTS-1628','M.NUR RASYD','mtsyasmu@sispema.or.id',NULL,NULL,24,1,NULL,'active','2025-08-28',0.00,NULL,'2025-08-27 21:51:59','2025-08-27 21:51:59'),(65,5,'MTS-1667','MIKAILA FISCA AMALIAH','mtsyasmu@sispema.or.id',NULL,NULL,24,1,NULL,'active','2025-08-28',0.00,NULL,'2025-08-27 21:51:59','2025-08-27 21:51:59'),(66,5,'MTS-1669','MOAMMAR AKBAR ALY','mtsyasmu@sispema.or.id',NULL,NULL,24,1,NULL,'active','2025-08-28',0.00,NULL,'2025-08-27 21:51:59','2025-08-27 21:51:59'),(67,5,'MTS-1631','MOCH FAJARUDIN IHSAN','mtsyasmu@sispema.or.id',NULL,NULL,24,1,NULL,'active','2025-08-28',0.00,NULL,'2025-08-27 21:51:59','2025-08-27 21:51:59'),(68,5,'MTS-1623','MOH FITRUL AZMI','mtsyasmu@sispema.or.id',NULL,NULL,24,1,NULL,'active','2025-08-28',0.00,NULL,'2025-08-27 21:51:59','2025-08-27 21:51:59'),(69,5,'MTS-1641','MUHAMMAD ALIF PRATAMA','mtsyasmu@sispema.or.id',NULL,NULL,24,1,NULL,'active','2025-08-28',0.00,NULL,'2025-08-27 21:51:59','2025-08-27 21:51:59'),(70,5,'MTS-1670','MUHAMMAD DARIL MUTTAQIEN','mtsyasmu@sispema.or.id',NULL,NULL,24,1,NULL,'active','2025-08-28',0.00,NULL,'2025-08-27 21:51:59','2025-08-27 21:51:59'),(71,5,'MTS-1621','MUHAMMAD IBROHIM','mtsyasmu@sispema.or.id',NULL,NULL,24,1,NULL,'active','2025-08-28',0.00,NULL,'2025-08-27 21:51:59','2025-08-27 21:51:59'),(72,5,'MTS-1648','MUHAMMAD NUR RIZQY SYAH','mtsyasmu@sispema.or.id',NULL,NULL,24,1,NULL,'active','2025-08-28',0.00,NULL,'2025-08-27 21:51:59','2025-08-27 21:51:59'),(73,5,'MTS-1657','MUHAMMAD ROBIATUL IMAN','mtsyasmu@sispema.or.id',NULL,NULL,24,1,NULL,'active','2025-08-28',0.00,NULL,'2025-08-27 21:51:59','2025-08-27 21:51:59'),(74,5,'MTS-1618','NAURAH RAHMAH ALIFAH','mtsyasmu@sispema.or.id',NULL,NULL,24,1,NULL,'active','2025-08-28',0.00,NULL,'2025-08-27 21:51:59','2025-08-27 21:51:59'),(75,5,'MTS-1651','SULIS TIAWATI','mtsyasmu@sispema.or.id',NULL,NULL,24,1,NULL,'active','2025-08-28',0.00,NULL,'2025-08-27 21:51:59','2025-08-27 21:51:59'),(76,5,'MTS-1663','ZAHROTUL JANNAH CITRA KIRANA ROCHMAH','mtsyasmu@sispema.or.id',NULL,NULL,24,1,NULL,'active','2025-08-28',0.00,NULL,'2025-08-27 21:51:59','2025-08-27 21:51:59'),(77,5,'MTS-1654','ZHAFIRA AYU AZZAHRA','mtsyasmu@sispema.or.id',NULL,NULL,24,1,NULL,'active','2025-08-28',0.00,NULL,'2025-08-27 21:51:59','2025-08-27 21:51:59'),(78,5,'MTS-1571','ADITYA DWI PERMANA','mtsyasmu@sispema.or.id',NULL,NULL,25,1,NULL,'active','2025-08-28',0.00,NULL,'2025-08-27 21:51:59','2025-08-27 21:51:59'),(79,5,'MTS-1607','AHMAD ABISHAM RISWAN SAFARAZ','mtsyasmu@sispema.or.id',NULL,NULL,25,1,NULL,'active','2025-08-28',0.00,NULL,'2025-08-27 21:51:59','2025-08-27 21:51:59'),(80,5,'MTS-1586','AHMAD SYAMSU DHUHA','mtsyasmu@sispema.or.id',NULL,NULL,25,1,NULL,'active','2025-08-28',0.00,NULL,'2025-08-27 21:51:59','2025-08-27 21:51:59'),(81,5,'MTS-1531','ALFIYATUL MAGHFIROH RAMADLANIYAH','mtsyasmu@sispema.or.id',NULL,NULL,25,1,NULL,'active','2025-08-28',0.00,NULL,'2025-08-27 21:51:59','2025-08-27 21:51:59'),(82,5,'MTS-1536','AULIYA IZZATUN NISA\'','mtsyasmu@sispema.or.id',NULL,NULL,25,1,NULL,'active','2025-08-28',0.00,NULL,'2025-08-27 21:51:59','2025-08-27 21:51:59'),(83,5,'MTS-1559','CHILMAN ZAHIR','mtsyasmu@sispema.or.id',NULL,NULL,25,1,NULL,'active','2025-08-28',0.00,NULL,'2025-08-27 21:51:59','2025-08-27 21:51:59'),(84,5,'MTS-1585','FARIDATUR RAHMAH','mtsyasmu@sispema.or.id',NULL,NULL,25,1,NULL,'active','2025-08-28',0.00,NULL,'2025-08-27 21:51:59','2025-08-27 21:51:59'),(85,5,'MTS-1552','FELISA NUR DIANA','mtsyasmu@sispema.or.id',NULL,NULL,25,1,NULL,'active','2025-08-28',0.00,NULL,'2025-08-27 21:51:59','2025-08-27 21:51:59'),(86,5,'MTS-1544','KAYLA AURELIA HASIDA','mtsyasmu@sispema.or.id',NULL,NULL,25,1,NULL,'active','2025-08-28',0.00,NULL,'2025-08-27 21:51:59','2025-08-27 21:51:59'),(87,5,'MTS-1599','MARIA ULFA','mtsyasmu@sispema.or.id',NULL,NULL,25,1,NULL,'active','2025-08-28',0.00,NULL,'2025-08-27 21:51:59','2025-08-27 21:51:59'),(88,5,'MTS-1569','MOH ERIK ALFIYAN ZAHWAN','mtsyasmu@sispema.or.id',NULL,NULL,25,1,NULL,'active','2025-08-28',0.00,NULL,'2025-08-27 21:51:59','2025-08-27 21:51:59'),(89,5,'MTS-1526','MOH FAHRI ARSAFIN','mtsyasmu@sispema.or.id',NULL,NULL,25,1,NULL,'active','2025-08-28',0.00,NULL,'2025-08-27 21:51:59','2025-08-27 21:51:59'),(90,5,'MTS-1590','MOH ZARKASYI MASHUDI','mtsyasmu@sispema.or.id',NULL,NULL,25,1,NULL,'active','2025-08-28',0.00,NULL,'2025-08-27 21:51:59','2025-08-27 21:51:59'),(91,5,'MTS-1581','MOHAMMAD ANGGA KESMUT','mtsyasmu@sispema.or.id',NULL,NULL,25,1,NULL,'active','2025-08-28',0.00,NULL,'2025-08-27 21:51:59','2025-08-27 21:51:59'),(92,5,'MTS-1530','MOHAMMAD FAIDUR RIZQI','mtsyasmu@sispema.or.id',NULL,NULL,25,1,NULL,'active','2025-08-28',0.00,NULL,'2025-08-27 21:51:59','2025-08-27 21:51:59'),(93,5,'MTS-1567','MOHAMMAD RIZKY AGUSTIAN GINTING','mtsyasmu@sispema.or.id',NULL,NULL,25,1,NULL,'active','2025-08-28',0.00,NULL,'2025-08-27 21:51:59','2025-08-27 21:51:59'),(94,5,'MTS-1583','MUHAMMAD ALIF PRATAMA','mtsyasmu@sispema.or.id',NULL,NULL,25,1,NULL,'active','2025-08-28',0.00,NULL,'2025-08-27 21:51:59','2025-08-27 21:51:59'),(95,5,'MTS-1546','MUHAMMAD ASHVIHANI','mtsyasmu@sispema.or.id',NULL,NULL,25,1,NULL,'active','2025-08-28',0.00,NULL,'2025-08-27 21:51:59','2025-08-27 21:51:59'),(96,5,'MTS-1535','MUHAMMAD ASYRAF ALI','mtsyasmu@sispema.or.id',NULL,NULL,25,1,NULL,'active','2025-08-28',0.00,NULL,'2025-08-27 21:51:59','2025-08-27 21:51:59'),(97,5,'MTS-1543','MUHAMMAD HABIBUR ROHMAN','mtsyasmu@sispema.or.id',NULL,NULL,25,1,NULL,'active','2025-08-28',0.00,NULL,'2025-08-27 21:51:59','2025-08-27 21:51:59'),(98,5,'MTS-1549','NUR FANDIYATUL KHAMIDAH','mtsyasmu@sispema.or.id',NULL,NULL,25,1,NULL,'active','2025-08-28',0.00,NULL,'2025-08-27 21:51:59','2025-08-27 21:51:59'),(99,5,'MTS-1551','PUTRI SALSABILA DAMAYANTI','mtsyasmu@sispema.or.id',NULL,NULL,25,1,NULL,'active','2025-08-28',0.00,NULL,'2025-08-27 21:51:59','2025-08-27 21:51:59'),(100,5,'MTS-1563','SHINTYA YUNI AYUNDAH','mtsyasmu@sispema.or.id',NULL,NULL,25,1,NULL,'active','2025-08-28',0.00,NULL,'2025-08-27 21:51:59','2025-08-27 21:51:59'),(101,5,'MTS-1570','SYAFIRAH AULIA','mtsyasmu@sispema.or.id',NULL,NULL,25,1,NULL,'active','2025-08-28',0.00,NULL,'2025-08-27 21:51:59','2025-08-27 21:51:59'),(102,5,'MTS-1565','ANDIKA RAHMAT MAULANA','mtsyasmu@sispema.or.id',NULL,NULL,26,1,NULL,'active','2025-08-28',0.00,NULL,'2025-08-27 21:51:59','2025-08-27 21:51:59'),(103,5,'MTS-1562','DWI RAHMATUL AISYAH','mtsyasmu@sispema.or.id',NULL,NULL,26,1,NULL,'active','2025-08-28',0.00,NULL,'2025-08-27 21:51:59','2025-08-27 21:51:59'),(104,5,'MTS-1593','FITRI ANITA SARI','mtsyasmu@sispema.or.id',NULL,NULL,26,1,NULL,'active','2025-08-28',0.00,NULL,'2025-08-27 21:51:59','2025-08-27 21:51:59'),(105,5,'MTS-1548','KEYSA AULIA PUTRI','mtsyasmu@sispema.or.id',NULL,NULL,26,1,NULL,'active','2025-08-28',0.00,NULL,'2025-08-27 21:51:59','2025-08-27 21:51:59'),(106,5,'MTS-1528','LU\'LUIL KANZA SYARIFAH','mtsyasmu@sispema.or.id',NULL,NULL,26,1,NULL,'active','2025-08-28',0.00,NULL,'2025-08-27 21:51:59','2025-08-27 21:51:59'),(107,5,'MTS-1527','MOHAMMAD RIZQI ADITYA','mtsyasmu@sispema.or.id',NULL,NULL,26,1,NULL,'active','2025-08-28',0.00,NULL,'2025-08-27 21:51:59','2025-08-27 21:51:59'),(108,5,'MTS-1568','MOHAMMAD UMAR SYARIF','mtsyasmu@sispema.or.id',NULL,NULL,26,1,NULL,'active','2025-08-28',0.00,NULL,'2025-08-27 21:51:59','2025-08-27 21:51:59'),(109,5,'MTS-1579','MUHAMMAD AGUNG MAULANA','mtsyasmu@sispema.or.id',NULL,NULL,26,1,NULL,'active','2025-08-28',0.00,NULL,'2025-08-27 21:51:59','2025-08-27 21:51:59'),(110,5,'MTS-1597','MUHAMMAD FAIRUZ AJMAL ROBBANI','mtsyasmu@sispema.or.id',NULL,NULL,26,1,NULL,'active','2025-08-28',0.00,NULL,'2025-08-27 21:51:59','2025-08-27 21:51:59'),(111,5,'MTS-1529','MUHAMMAD ILHAM','mtsyasmu@sispema.or.id',NULL,NULL,26,1,NULL,'active','2025-08-28',0.00,NULL,'2025-08-27 21:51:59','2025-08-27 21:51:59'),(112,5,'MTS-1558','MUHAMMAD NI\'AM ARDHANI','mtsyasmu@sispema.or.id',NULL,NULL,26,1,NULL,'active','2025-08-28',0.00,NULL,'2025-08-27 21:51:59','2025-08-27 21:51:59'),(113,5,'MTS-1564','MUHAMMAD NUR LATIF','mtsyasmu@sispema.or.id',NULL,NULL,26,1,NULL,'active','2025-08-28',0.00,NULL,'2025-08-27 21:51:59','2025-08-27 21:51:59'),(114,5,'MTS-1584','MUHAMMAD RIZKI ADITYA','mtsyasmu@sispema.or.id',NULL,NULL,26,1,NULL,'active','2025-08-28',0.00,NULL,'2025-08-27 21:51:59','2025-08-27 21:51:59'),(115,5,'MTS-1532','MUHAMMAD RIZKY BAHTIAR PUTRA','mtsyasmu@sispema.or.id',NULL,NULL,26,1,NULL,'active','2025-08-28',0.00,NULL,'2025-08-27 21:51:59','2025-08-27 21:51:59'),(116,5,'MTS-1553','MUHAMMAD SA\'ADDUDDIN ZUMAIRY','mtsyasmu@sispema.or.id',NULL,NULL,26,1,NULL,'active','2025-08-28',0.00,NULL,'2025-08-27 21:51:59','2025-08-27 21:51:59'),(117,5,'MTS-1547','MUHAMMAD SURYA MAULANA PUTRA','mtsyasmu@sispema.or.id',NULL,NULL,26,1,NULL,'active','2025-08-28',0.00,NULL,'2025-08-27 21:51:59','2025-08-27 21:51:59'),(118,5,'MTS-1537','NAILUR ROZANA','mtsyasmu@sispema.or.id',NULL,NULL,26,1,NULL,'active','2025-08-28',0.00,NULL,'2025-08-27 21:51:59','2025-08-27 21:51:59'),(119,5,'MTS-1556','NISWATUL NAJILAH IMRONI','mtsyasmu@sispema.or.id',NULL,NULL,26,1,NULL,'active','2025-08-28',0.00,NULL,'2025-08-27 21:51:59','2025-08-27 21:51:59'),(120,5,'MTS-1588','NURINA JALWA MUMTAZAH','mtsyasmu@sispema.or.id',NULL,NULL,26,1,NULL,'active','2025-08-28',0.00,NULL,'2025-08-27 21:51:59','2025-08-27 21:51:59'),(121,5,'MTS-1554','NURUR ROFAANA','mtsyasmu@sispema.or.id',NULL,NULL,26,1,NULL,'active','2025-08-28',0.00,NULL,'2025-08-27 21:51:59','2025-08-27 21:51:59'),(122,5,'MTS-1561','QURROTUN A\'YUN','mtsyasmu@sispema.or.id',NULL,NULL,26,1,NULL,'active','2025-08-28',0.00,NULL,'2025-08-27 21:51:59','2025-08-27 21:51:59'),(123,5,'MTS-1580','RAHAYU AMELIYAH','mtsyasmu@sispema.or.id',NULL,NULL,26,1,NULL,'active','2025-08-28',0.00,NULL,'2025-08-27 21:51:59','2025-08-27 21:51:59'),(124,5,'MTS-1560','TIARA AURELIA ARIF','mtsyasmu@sispema.or.id',NULL,NULL,26,1,NULL,'active','2025-08-28',0.00,NULL,'2025-08-27 21:51:59','2025-08-27 21:51:59'),(125,5,'MTS-1592','ABDULLAH KAFABIH','mtsyasmu@sispema.or.id',NULL,NULL,27,1,NULL,'active','2025-08-28',0.00,NULL,'2025-08-27 21:51:59','2025-08-27 21:51:59'),(126,5,'MTS-1557','ACHMAD FATHIR RAMDLANI','mtsyasmu@sispema.or.id',NULL,NULL,27,1,NULL,'active','2025-08-28',0.00,NULL,'2025-08-27 21:51:59','2025-08-27 21:51:59'),(127,5,'MTS-1533','ACHMAD FURSANUL IBAD','mtsyasmu@sispema.or.id',NULL,NULL,27,1,NULL,'active','2025-08-28',0.00,NULL,'2025-08-27 21:51:59','2025-08-27 21:51:59'),(128,5,'MTS-1538','AZZAHRA NAYLA RAHMADANI','mtsyasmu@sispema.or.id',NULL,NULL,27,1,NULL,'active','2025-08-28',0.00,NULL,'2025-08-27 21:51:59','2025-08-27 21:51:59'),(129,5,'MTS-1539','ERICHA PUTRI OCTAVIANI','mtsyasmu@sispema.or.id',NULL,NULL,27,1,NULL,'active','2025-08-28',0.00,NULL,'2025-08-27 21:51:59','2025-08-27 21:51:59'),(130,5,'MTS-1540','FAUZAH TSANIYAH','mtsyasmu@sispema.or.id',NULL,NULL,27,1,NULL,'active','2025-08-28',0.00,NULL,'2025-08-27 21:51:59','2025-08-27 21:51:59'),(131,5,'MTS-1578','LAILIATUL MAULIDINA','mtsyasmu@sispema.or.id',NULL,NULL,27,1,NULL,'active','2025-08-28',0.00,NULL,'2025-08-27 21:51:59','2025-08-27 21:51:59'),(132,5,'MTS-1602','LUTHFI MUTHIYA SYAKIB','mtsyasmu@sispema.or.id',NULL,NULL,27,1,NULL,'active','2025-08-28',0.00,NULL,'2025-08-27 21:51:59','2025-08-27 21:51:59'),(133,5,'MTS-1608','MOH. ABDURRAHMAN FARICH','mtsyasmu@sispema.or.id',NULL,NULL,27,1,NULL,'active','2025-08-28',0.00,NULL,'2025-08-27 21:51:59','2025-08-27 21:51:59'),(134,5,'MTS-1576','MOH.RIFQI REVAL ARDIANSYAH','mtsyasmu@sispema.or.id',NULL,NULL,27,1,NULL,'active','2025-08-28',0.00,NULL,'2025-08-27 21:51:59','2025-08-27 21:51:59'),(135,5,'MTS-1550','MUHAMMAD AZKAL MAROM','mtsyasmu@sispema.or.id',NULL,NULL,27,1,NULL,'active','2025-08-28',0.00,NULL,'2025-08-27 21:51:59','2025-08-27 21:51:59'),(136,5,'MTS-1603','MUHAMMAD AZKI ZAMZAMI','mtsyasmu@sispema.or.id',NULL,NULL,27,1,NULL,'active','2025-08-28',0.00,NULL,'2025-08-27 21:51:59','2025-08-27 21:51:59'),(137,5,'MTS-1534','MUHAMMAD DAVID ANDREAN','mtsyasmu@sispema.or.id',NULL,NULL,27,1,NULL,'active','2025-08-28',0.00,NULL,'2025-08-27 21:51:59','2025-08-27 21:51:59'),(138,5,'MTS-1598','MUHAMMAD FAUZAN ARDIANSYAH','mtsyasmu@sispema.or.id',NULL,NULL,27,1,NULL,'active','2025-08-28',0.00,NULL,'2025-08-27 21:51:59','2025-08-27 21:51:59'),(139,5,'MTS-1601','MUHAMMAD RIKY ARDIANSYAH','mtsyasmu@sispema.or.id',NULL,NULL,27,1,NULL,'active','2025-08-28',0.00,NULL,'2025-08-27 21:51:59','2025-08-27 21:51:59'),(140,5,'MTS-1545','MUHAMMAD ZIDAN SAPUTRA','mtsyasmu@sispema.or.id',NULL,NULL,27,1,NULL,'active','2025-08-28',0.00,NULL,'2025-08-27 21:51:59','2025-08-27 21:51:59'),(141,5,'MTS-1541','NABILA NUR TALIDAH','mtsyasmu@sispema.or.id',NULL,NULL,27,1,NULL,'active','2025-08-28',0.00,NULL,'2025-08-27 21:51:59','2025-08-27 21:51:59'),(142,5,'MTS-1591','NAURA FAUZHARA PUTRI','mtsyasmu@sispema.or.id',NULL,NULL,27,1,NULL,'active','2025-08-28',0.00,NULL,'2025-08-27 21:51:59','2025-08-27 21:51:59'),(143,5,'MTS-1582','RENITA YULIANA','mtsyasmu@sispema.or.id',NULL,NULL,27,1,NULL,'active','2025-08-28',0.00,NULL,'2025-08-27 21:51:59','2025-08-27 21:51:59'),(144,5,'MTS-1577','SAYYID EL RAFIF ABBASY','mtsyasmu@sispema.or.id',NULL,NULL,27,1,NULL,'active','2025-08-28',0.00,NULL,'2025-08-27 21:51:59','2025-08-27 21:51:59'),(145,5,'MTS-1555','SILVIA KHOLIFATUN NISA\'','mtsyasmu@sispema.or.id',NULL,NULL,27,1,NULL,'active','2025-08-28',0.00,NULL,'2025-08-27 21:51:59','2025-08-27 21:51:59'),(146,5,'MTS-1566','ZAHROTUSIFA','mtsyasmu@sispema.or.id',NULL,NULL,27,1,NULL,'active','2025-08-28',0.00,NULL,'2025-08-27 21:51:59','2025-08-27 21:51:59');
/*!40000 ALTER TABLE `students` ENABLE KEYS */;
UNLOCK TABLES;

--
-- Table structure for table `two_factor_auth`
--

DROP TABLE IF EXISTS `two_factor_auth`;
/*!40101 SET @saved_cs_client     = @@character_set_client */;
/*!50503 SET character_set_client = utf8mb4 */;
CREATE TABLE `two_factor_auth` (
  `id` bigint unsigned NOT NULL AUTO_INCREMENT,
  `user_id` bigint unsigned NOT NULL,
  `secret_key` varchar(255) COLLATE utf8mb4_unicode_ci NOT NULL,
  `backup_codes` json NOT NULL,
  `is_enabled` tinyint(1) NOT NULL DEFAULT '0',
  `last_used_at` timestamp NULL DEFAULT NULL,
  `created_at` timestamp NULL DEFAULT NULL,
  `updated_at` timestamp NULL DEFAULT NULL,
  PRIMARY KEY (`id`),
  KEY `two_factor_auth_user_id_foreign` (`user_id`),
  CONSTRAINT `two_factor_auth_user_id_foreign` FOREIGN KEY (`user_id`) REFERENCES `users` (`id`) ON DELETE CASCADE
) ENGINE=InnoDB DEFAULT CHARSET=utf8mb4 COLLATE=utf8mb4_unicode_ci;
/*!40101 SET character_set_client = @saved_cs_client */;

--
-- Dumping data for table `two_factor_auth`
--

LOCK TABLES `two_factor_auth` WRITE;
/*!40000 ALTER TABLE `two_factor_auth` DISABLE KEYS */;
/*!40000 ALTER TABLE `two_factor_auth` ENABLE KEYS */;
UNLOCK TABLES;

--
-- Table structure for table `users`
--

DROP TABLE IF EXISTS `users`;
/*!40101 SET @saved_cs_client     = @@character_set_client */;
/*!50503 SET character_set_client = utf8mb4 */;
CREATE TABLE `users` (
  `id` bigint unsigned NOT NULL AUTO_INCREMENT,
  `name` varchar(255) COLLATE utf8mb4_unicode_ci NOT NULL,
  `email` varchar(255) COLLATE utf8mb4_unicode_ci NOT NULL,
  `phone` varchar(20) COLLATE utf8mb4_unicode_ci DEFAULT NULL,
  `role` enum('super_admin','staff','admin_pusat','kasir') COLLATE utf8mb4_unicode_ci NOT NULL DEFAULT 'staff',
  `email_verified_at` timestamp NULL DEFAULT NULL,
  `password` varchar(255) COLLATE utf8mb4_unicode_ci NOT NULL,
  `remember_token` varchar(100) COLLATE utf8mb4_unicode_ci DEFAULT NULL,
  `created_at` timestamp NULL DEFAULT NULL,
  `updated_at` timestamp NULL DEFAULT NULL,
  `institution_id` bigint unsigned DEFAULT NULL,
  `is_active` tinyint(1) NOT NULL DEFAULT '1',
  PRIMARY KEY (`id`),
  UNIQUE KEY `users_email_unique` (`email`),
  KEY `users_institution_id_foreign` (`institution_id`),
  CONSTRAINT `users_institution_id_foreign` FOREIGN KEY (`institution_id`) REFERENCES `institutions` (`id`) ON DELETE SET NULL
) ENGINE=InnoDB AUTO_INCREMENT=9 DEFAULT CHARSET=utf8mb4 COLLATE=utf8mb4_unicode_ci;
/*!40101 SET character_set_client = @saved_cs_client */;

--
-- Dumping data for table `users`
--

LOCK TABLES `users` WRITE;
/*!40000 ALTER TABLE `users` DISABLE KEYS */;
INSERT INTO `users` VALUES (1,'Admin Pusat','admin@yasmu.org','08123456789','admin_pusat',NULL,'$2y$10$kFlFhZDEUpEiKU0wKouQbeeeRDkKE4QqIYG86Y9gyXqt3pMnBV6PC',NULL,'2025-08-11 09:53:52','2025-08-28 16:48:15',NULL,1),(2,'Kasir Demo','kasir@yasmu.org',NULL,'staff',NULL,'$2y$10$Chu.fzwzx14SxcHz8CVbkegD7cptwWQSStTjh32BEaB3BtWaukp9.',NULL,'2025-08-11 09:53:52','2025-08-11 09:53:52',1,1),(3,'Moh. Alfian Yazdad','admin@yasmu.ac.id',NULL,'super_admin',NULL,'$2y$10$SfOYH45zWG1RigzR06BZr.k0cGtrMQZ54aDANNE5iQrCQE0difoX.',NULL,'2025-08-11 10:42:46','2025-08-30 05:08:40',2,1),(4,'Kasir YASMU','kasir@yasmu.ac.id',NULL,'staff',NULL,'$2y$10$Q/mM/dlqacGBMXkoTWBOLutBtCycU9cmuCX8JJmYB21aKfyb2xnbW',NULL,'2025-08-11 10:42:46','2025-08-11 10:42:46',2,1),(6,'Super Admin','superadmin@yasmu.ac.id',NULL,'super_admin',NULL,'$2y$10$Fg292pWZcIcu1HnBl06MXOaariu6pBQuPzA6rZFHp.85gjVhc5Sh.',NULL,'2025-08-27 03:54:07','2025-08-27 03:54:07',NULL,1),(7,'Ismi Farida','staff1@yasmu.ac.id',NULL,'staff',NULL,'$2y$10$.c56DJJXnVrbicBaZqwTOumylnjFCWFJD6Hw3eyL3kq0Bbtb5jt5S',NULL,'2025-08-27 03:54:07','2025-08-28 16:53:56',NULL,1),(8,'Staff 2','staff2@yasmu.ac.id',NULL,'staff',NULL,'$2y$10$enLmEjk/Cnem3KiJElZrTuH6O0UW.w8xB3MGYhnOSXh3cVzjbUy/u',NULL,'2025-08-27 03:54:07','2025-08-27 03:54:07',NULL,1);
/*!40000 ALTER TABLE `users` ENABLE KEYS */;
UNLOCK TABLES;
/*!40103 SET TIME_ZONE=@OLD_TIME_ZONE */;

/*!40101 SET SQL_MODE=@OLD_SQL_MODE */;
/*!40014 SET FOREIGN_KEY_CHECKS=@OLD_FOREIGN_KEY_CHECKS */;
/*!40014 SET UNIQUE_CHECKS=@OLD_UNIQUE_CHECKS */;
/*!40101 SET CHARACTER_SET_CLIENT=@OLD_CHARACTER_SET_CLIENT */;
/*!40101 SET CHARACTER_SET_RESULTS=@OLD_CHARACTER_SET_RESULTS */;
/*!40101 SET COLLATION_CONNECTION=@OLD_COLLATION_CONNECTION */;
/*!40111 SET SQL_NOTES=@OLD_SQL_NOTES */;

-- Dump completed on 2025-08-30 12:33:57
